company,num_statements,goal_prop,commitment_prop,smart_prop,smart_n,missing_gbf_targets,GBF_1,GBF_2,GBF_3,GBF_4,GBF_5,GBF_6,GBF_7,GBF_8,GBF_9,GBF_10,GBF_11,GBF_12,GBF_13,GBF_14,GBF_15,GBF_16,GBF_17,GBF_18,GBF_19,GBF_20,GBF_21,GBF_22,GBF_23,Biodiversity_Index,Biodiversity_Index_Normalized
AIA Engineering 2024-25,46,0.413,0.4348,0.1522,7,"[3, 4]","[1, 0, 0]","[4, 3, 1]","[0, 0, 0]","[0, 0, 0]","[0, 0, 0]","[0, 0, 0]","[6, 11, 6]","[1, 3, 0]","[0, 1, 0]","[1, 0, 0]","[3, 4, 0]","[1, 0, 0]","[0, 0, 0]","[5, 2, 0]","[2, 4, 0]","[1, 1, 2]","[0, 0, 0]","[0, 0, 0]","[0, 2, 0]","[0, 0, 0]","[0, 0, 0]","[0, 0, 0]","[0, 0, 0]",133,0.48188405797101447
APL Apollo Tubes,63,0.7302,0.1905,0.0794,5,[],"[2, 0, 0]","[8, 1, 1]","[1, 0, 0]","[1, 0, 0]","[0, 0, 0]","[0, 0, 0]","[11, 7, 3]","[6, 0, 0]","[1, 1, 0]","[7, 2, 2]","[7, 2, 1]","[2, 1, 0]","[0, 0, 0]","[7, 1, 0]","[9, 2, 0]","[1, 0, 0]","[0, 0, 0]","[0, 0, 0]","[3, 0, 0]","[0, 0, 0]","[0, 0, 0]","[0, 0, 0]","[0, 0, 0]",139,0.5036231884057971
Aanchal Ispat Ltd,5,0.2,0.8,0.0,0,"[1, 2, 3, 4, 12, 16]","[0, 0, 0]","[0, 0, 0]","[0, 0, 0]","[0, 0, 0]","[0, 0, 0]","[0, 0, 0]","[1, 4, 0]","[1, 0, 0]","[0, 0, 0]","[0, 0, 0]","[0, 1, 0]","[0, 0, 0]","[0, 0, 0]","[0, 1, 0]","[1, 0, 0]","[0, 0, 0]","[0, 0, 0]","[0, 0, 0]","[0, 0, 0]","[0, 0, 0]","[0, 0, 0]","[0, 0, 0]","[0, 0, 0]",43,0.15579710144927536
Abha Power and Steel Ltd,18,0.7778,0.1111,0.1111,2,"[3, 4, 16]","[1, 0, 0]","[3, 0, 0]","[0, 0, 0]","[0, 0, 0]","[0, 0, 0]","[0, 0, 0]","[5, 2, 0]","[6, 0, 1]","[0, 0, 0]","[4, 0, 0]","[1, 0, 0]","[1, 0, 0]","[0, 0, 0]","[2, 0, 1]","[1, 0, 1]","[0, 0, 0]","[0, 0, 0]","[0, 0, 0]","[0, 0, 0]","[0, 0, 0]","[0, 0, 0]","[0, 0, 0]","[0, 0, 0]",82,0.2971014492753623
Aditya Ispat ,6,0.8333,0.1667,0.0,0,"[1, 3, 4, 8, 11, 12, 15]","[0, 0, 0]","[2, 0, 0]","[0, 0, 0]","[0, 0, 0]","[0, 0, 0]","[0, 0, 0]","[2, 1, 0]","[0, 0, 0]","[0, 0, 0]","[0, 0, 0]","[0, 0, 0]","[0, 0, 0]","[0, 0, 0]","[1, 0, 0]","[0, 0, 0]","[1, 0, 0]","[0, 0, 0]","[0, 0, 0]","[0, 0, 0]","[0, 0, 0]","[0, 0, 0]","[0, 0, 0]","[0, 0, 0]",27,0.09782608695652174
Aditya Ultra Steel Ltd,6,0.3333,0.6667,0.0,0,"[1, 2, 3, 4, 8, 11, 12, 16]","[0, 0, 0]","[0, 0, 0]","[0, 0, 0]","[0, 0, 0]","[0, 0, 0]","[0, 0, 0]","[0, 4, 0]","[0, 0, 0]","[0, 0, 0]","[0, 0, 0]","[0, 0, 0]","[0, 0, 0]","[0, 0, 0]","[2, 0, 0]","[0, 1, 0]","[0, 0, 0]","[0, 0, 0]","[0, 0, 0]","[0, 0, 0]","[0, 0, 0]","[0, 0, 0]","[0, 0, 0]","[0, 0, 0]",23,0.08333333333333333
Alliance Integrated Metaliks Ltd,5,0.6,0.4,0.0,0,"[1, 3, 4, 8, 11, 12, 16]","[0, 0, 0]","[1, 0, 0]","[0, 0, 0]","[0, 0, 0]","[0, 0, 0]","[0, 0, 0]","[0, 2, 0]","[0, 0, 0]","[0, 0, 0]","[0, 0, 0]","[0, 0, 0]","[0, 0, 0]","[0, 0, 0]","[2, 0, 0]","[1, 0, 0]","[0, 0, 0]","[0, 0, 0]","[0, 0, 0]","[0, 0, 0]","[0, 0, 0]","[0, 0, 0]","[0, 0, 0]","[0, 0, 0]",22,0.07971014492753623
Ashiana Ispat 2024-25,6,0.3333,0.6667,0.0,0,"[1, 2, 3, 4, 8, 11, 12, 16]","[0, 0, 0]","[0, 0, 0]","[0, 0, 0]","[0, 0, 0]","[0, 0, 0]","[0, 0, 0]","[0, 4, 0]","[0, 0, 0]","[0, 0, 0]","[0, 0, 0]","[0, 0, 0]","[0, 0, 0]","[0, 0, 0]","[1, 0, 0]","[1, 0, 0]","[0, 0, 0]","[0, 0, 0]","[0, 0, 0]","[0, 0, 0]","[0, 0, 0]","[0, 0, 0]","[0, 0, 0]","[0, 0, 0]",19,0.06884057971014493
BMW Industries Ltd,21,0.4286,0.3333,0.2381,5,"[1, 3, 4]","[0, 0, 0]","[1, 2, 2]","[0, 0, 0]","[0, 0, 0]","[0, 0, 0]","[0, 0, 0]","[4, 4, 3]","[0, 1, 0]","[0, 0, 0]","[2, 0, 0]","[0, 0, 1]","[0, 0, 1]","[0, 0, 0]","[2, 0, 0]","[2, 0, 0]","[1, 0, 1]","[0, 0, 0]","[0, 0, 0]","[0, 0, 0]","[0, 0, 0]","[0, 0, 0]","[0, 0, 0]","[0, 0, 0]",111,0.40217391304347827
Bansal Wire Industries Ltd,48,0.5417,0.2917,0.1667,8,"[3, 4, 12]","[1, 0, 0]","[2, 0, 1]","[0, 0, 0]","[0, 0, 0]","[0, 0, 0]","[0, 0, 0]","[12, 13, 5]","[2, 1, 0]","[0, 0, 0]","[5, 2, 0]","[6, 1, 2]","[0, 0, 0]","[0, 0, 0]","[2, 0, 0]","[5, 2, 0]","[2, 1, 1]","[0, 0, 0]","[0, 0, 0]","[1, 0, 0]","[1, 0, 0]","[0, 0, 0]","[0, 0, 0]","[0, 0, 0]",127,0.4601449275362319
Bedmutha Industries Ltd,8,0.5,0.375,0.125,1,"[1, 3, 4, 11, 12, 16]","[0, 0, 0]","[1, 0, 0]","[0, 0, 0]","[0, 0, 0]","[0, 0, 0]","[0, 0, 0]","[0, 3, 1]","[1, 0, 1]","[0, 0, 0]","[0, 0, 0]","[0, 0, 0]","[0, 0, 0]","[0, 0, 0]","[1, 0, 0]","[2, 0, 0]","[0, 0, 0]","[0, 0, 0]","[0, 0, 0]","[0, 0, 0]","[0, 0, 0]","[0, 0, 0]","[0, 0, 0]","[0, 0, 0]",53,0.19202898550724637
Bhagwati Autocast 2024-25,1,0.0,1.0,0.0,0,"[1, 2, 3, 4, 8, 11, 12, 14, 15, 16]","[0, 0, 0]","[0, 0, 0]","[0, 0, 0]","[0, 0, 0]","[0, 0, 0]","[0, 0, 0]","[0, 1, 0]","[0, 0, 0]","[0, 0, 0]","[0, 0, 0]","[0, 0, 0]","[0, 0, 0]","[0, 0, 0]","[0, 0, 0]","[0, 0, 0]","[0, 0, 0]","[0, 0, 0]","[0, 0, 0]","[0, 0, 0]","[0, 0, 0]","[0, 0, 0]","[0, 0, 0]","[0, 0, 0]",10,0.036231884057971016
Bombay Wire Ropes Ltd,1,0.0,1.0,0.0,0,"[1, 3, 4, 7, 8, 11, 12, 14, 15, 16]","[0, 0, 0]","[0, 1, 0]","[0, 0, 0]","[0, 0, 0]","[0, 0, 0]","[0, 0, 0]","[0, 0, 0]","[0, 0, 0]","[0, 0, 0]","[0, 0, 0]","[0, 0, 0]","[0, 0, 0]","[0, 0, 0]","[0, 0, 0]","[0, 0, 0]","[0, 0, 0]","[0, 0, 0]","[0, 0, 0]","[0, 0, 0]","[0, 0, 0]","[0, 0, 0]","[0, 0, 0]","[0, 0, 0]",6,0.021739130434782608
Cosmic CRF,4,0.5,0.5,0.0,0,"[1, 2, 3, 4, 11, 12, 14, 15, 16]","[0, 0, 0]","[0, 0, 0]","[0, 0, 0]","[0, 0, 0]","[0, 0, 0]","[0, 0, 0]","[2, 1, 0]","[2, 1, 0]","[0, 0, 0]","[1, 0, 0]","[0, 0, 0]","[0, 0, 0]","[0, 0, 0]","[0, 0, 0]","[0, 0, 0]","[0, 0, 0]","[0, 0, 0]","[0, 0, 0]","[0, 0, 0]","[0, 0, 0]","[0, 0, 0]","[0, 0, 0]","[0, 0, 0]",27,0.09782608695652174
DP Wires Ltd,8,0.875,0.125,0.0,0,"[1, 2, 3, 4, 11, 12, 16]","[0, 0, 0]","[0, 0, 0]","[0, 0, 0]","[0, 0, 0]","[1, 0, 0]","[0, 0, 0]","[4, 0, 0]","[2, 1, 0]","[1, 0, 0]","[1, 0, 0]","[0, 0, 0]","[0, 0, 0]","[0, 0, 0]","[1, 0, 0]","[1, 0, 0]","[0, 0, 0]","[0, 0, 0]","[0, 0, 0]","[0, 0, 0]","[0, 0, 0]","[0, 0, 0]","[0, 0, 0]","[0, 0, 0]",26,0.09420289855072464
Deem Roll Tech Ltd,0,0.0,0.0,0.0,0,"[1, 2, 3, 4, 7, 8, 11, 12, 14, 15, 16]","[0, 0, 0]","[0, 0, 0]","[0, 0, 0]","[0, 0, 0]","[0, 0, 0]","[0, 0, 0]","[0, 0, 0]","[0, 0, 0]","[0, 0, 0]","[0, 0, 0]","[0, 0, 0]","[0, 0, 0]","[0, 0, 0]","[0, 0, 0]","[0, 0, 0]","[0, 0, 0]","[0, 0, 0]","[0, 0, 0]","[0, 0, 0]","[0, 0, 0]","[0, 0, 0]","[0, 0, 0]","[0, 0, 0]",0,0.0
Dhatre Udyog Ltd,1,1.0,0.0,0.0,0,"[1, 2, 3, 4, 7, 8, 11, 12, 14, 15, 16]","[0, 0, 0]","[0, 0, 0]","[0, 0, 0]","[0, 0, 0]","[0, 0, 0]","[0, 0, 0]","[0, 0, 0]","[0, 0, 0]","[1, 0, 0]","[1, 0, 0]","[0, 0, 0]","[0, 0, 0]","[0, 0, 0]","[0, 0, 0]","[0, 0, 0]","[0, 0, 0]","[0, 0, 0]","[0, 0, 0]","[0, 0, 0]","[0, 0, 0]","[0, 0, 0]","[0, 0, 0]","[0, 0, 0]",0,0.0
East India Drums & Barrels,13,0.6923,0.3077,0.0,0,"[1, 2, 3, 4, 11, 12]","[0, 0, 0]","[0, 0, 0]","[0, 0, 0]","[0, 0, 0]","[0, 0, 0]","[0, 0, 0]","[3, 2, 0]","[1, 0, 0]","[0, 0, 0]","[2, 0, 0]","[0, 0, 0]","[0, 0, 0]","[0, 0, 0]","[1, 0, 0]","[3, 1, 0]","[4, 3, 0]","[0, 0, 0]","[0, 0, 0]","[0, 0, 0]","[0, 0, 0]","[0, 0, 0]","[0, 0, 0]","[0, 0, 0]",48,0.17391304347826086
Electrosteel Castings Ltd,51,0.5686,0.3333,0.098,5,"[3, 4]","[1, 0, 0]","[5, 6, 0]","[0, 0, 0]","[0, 0, 0]","[0, 0, 0]","[0, 0, 0]","[13, 6, 5]","[1, 1, 0]","[0, 0, 1]","[4, 3, 1]","[4, 0, 1]","[1, 0, 0]","[0, 0, 0]","[5, 2, 0]","[4, 5, 0]","[2, 0, 0]","[0, 0, 0]","[0, 0, 0]","[0, 0, 0]","[1, 0, 0]","[1, 0, 0]","[2, 0, 0]","[0, 0, 0]",109,0.39492753623188404
Electrotherm India,12,0.5833,0.3333,0.0833,1,"[1, 2, 3, 4, 8, 16]","[0, 0, 0]","[0, 0, 0]","[0, 0, 0]","[0, 0, 0]","[0, 0, 0]","[0, 0, 0]","[2, 3, 0]","[0, 0, 0]","[0, 0, 0]","[0, 0, 0]","[2, 0, 0]","[2, 0, 1]","[0, 0, 0]","[3, 1, 0]","[2, 1, 0]","[0, 0, 0]","[0, 0, 0]","[0, 0, 0]","[0, 0, 0]","[0, 0, 0]","[0, 0, 0]","[0, 0, 0]","[0, 0, 0]",67,0.2427536231884058
Excellent Wires Ltd,1,1.0,0.0,0.0,0,"[1, 2, 3, 4, 7, 8, 11, 12, 15, 16]","[0, 0, 0]","[0, 0, 0]","[0, 0, 0]","[0, 0, 0]","[0, 0, 0]","[0, 0, 0]","[0, 0, 0]","[0, 0, 0]","[0, 0, 0]","[0, 0, 0]","[0, 0, 0]","[0, 0, 0]","[0, 0, 0]","[1, 0, 0]","[0, 0, 0]","[0, 0, 0]","[0, 0, 0]","[0, 0, 0]","[0, 0, 0]","[0, 0, 0]","[0, 0, 0]","[0, 0, 0]","[0, 0, 0]",5,0.018115942028985508
Gallantt Ispat Ltd,40,0.675,0.25,0.075,3,"[4, 12]","[1, 0, 0]","[3, 1, 0]","[1, 0, 0]","[0, 0, 0]","[0, 0, 0]","[0, 0, 0]","[10, 5, 2]","[3, 1, 1]","[0, 0, 0]","[4, 2, 0]","[2, 4, 0]","[0, 0, 0]","[0, 0, 0]","[10, 1, 0]","[11, 3, 0]","[1, 0, 0]","[1, 0, 0]","[0, 0, 0]","[0, 0, 0]","[0, 0, 0]","[0, 0, 0]","[1, 0, 0]","[0, 0, 0]",115,0.4166666666666667
Gandhi Special Tubes,7,0.4286,0.5714,0.0,0,"[1, 3, 4, 12, 16]","[0, 0, 0]","[0, 1, 0]","[0, 0, 0]","[0, 0, 0]","[0, 0, 0]","[0, 0, 0]","[1, 3, 0]","[1, 1, 0]","[0, 1, 0]","[0, 0, 0]","[0, 1, 0]","[0, 0, 0]","[0, 0, 0]","[1, 0, 0]","[1, 0, 0]","[0, 0, 0]","[0, 0, 0]","[0, 0, 0]","[0, 0, 0]","[0, 0, 0]","[0, 0, 0]","[0, 0, 0]","[0, 0, 0]",52,0.18840579710144928
Garg Furnace Ltd,3,0.3333,0.0,0.6667,2,"[1, 2, 3, 4, 7, 8, 11, 12]","[0, 0, 0]","[0, 0, 0]","[0, 0, 0]","[0, 0, 0]","[0, 0, 0]","[0, 0, 0]","[0, 0, 0]","[0, 0, 0]","[0, 0, 0]","[0, 0, 0]","[0, 0, 0]","[0, 0, 0]","[0, 0, 0]","[1, 0, 0]","[1, 0, 0]","[0, 0, 2]","[0, 0, 0]","[0, 0, 0]","[0, 0, 0]","[0, 0, 0]","[0, 0, 0]","[0, 0, 0]","[0, 0, 0]",21,0.07608695652173914
Godawari Power and Ispat Ltd,51,0.6471,0.2549,0.098,5,"[1, 3, 4, 11]","[0, 0, 0]","[7, 2, 1]","[0, 0, 0]","[0, 0, 0]","[0, 0, 0]","[0, 0, 0]","[7, 9, 2]","[0, 1, 2]","[2, 0, 1]","[8, 3, 1]","[0, 0, 0]","[3, 1, 0]","[0, 0, 0]","[8, 1, 0]","[5, 2, 0]","[5, 0, 0]","[0, 0, 0]","[0, 0, 0]","[0, 0, 0]","[0, 0, 0]","[1, 0, 0]","[0, 0, 0]","[0, 0, 0]",114,0.41304347826086957
Goodluck India,49,0.4898,0.3878,0.1224,6,"[4, 12]","[0, 2, 0]","[9, 2, 1]","[2, 2, 0]","[0, 0, 0]","[1, 0, 0]","[0, 0, 0]","[5, 12, 4]","[0, 3, 0]","[1, 0, 0]","[7, 2, 0]","[5, 4, 1]","[0, 0, 0]","[0, 0, 0]","[3, 0, 0]","[6, 2, 0]","[1, 3, 1]","[0, 0, 0]","[0, 0, 0]","[0, 0, 0]","[0, 0, 0]","[0, 0, 0]","[0, 0, 0]","[0, 0, 0]",143,0.5181159420289855
Gujarat Intrux Ltd,3,1.0,0.0,0.0,0,"[1, 3, 4, 7, 8, 11, 12, 16]","[0, 0, 0]","[1, 0, 0]","[0, 0, 0]","[0, 0, 0]","[0, 0, 0]","[0, 0, 0]","[0, 0, 0]","[0, 0, 0]","[0, 0, 0]","[0, 0, 0]","[0, 0, 0]","[0, 0, 0]","[0, 0, 0]","[2, 0, 0]","[1, 0, 0]","[0, 0, 0]","[0, 0, 0]","[0, 0, 0]","[0, 0, 0]","[0, 0, 0]","[0, 0, 0]","[0, 0, 0]","[0, 0, 0]",12,0.043478260869565216
Hariom Pipes,38,0.4737,0.3684,0.1579,6,"[2, 3, 4, 12]","[1, 0, 0]","[0, 0, 0]","[0, 0, 0]","[0, 0, 0]","[0, 0, 0]","[0, 0, 0]","[7, 10, 4]","[4, 1, 0]","[0, 0, 0]","[4, 2, 1]","[2, 3, 0]","[0, 0, 0]","[0, 0, 0]","[2, 2, 0]","[5, 2, 1]","[1, 0, 1]","[0, 0, 0]","[0, 0, 0]","[0, 0, 1]","[0, 0, 0]","[0, 0, 0]","[0, 0, 0]","[0, 0, 0]",114,0.41304347826086957
Hi-Tech Pipes Ltd,40,0.75,0.225,0.025,1,"[4, 12, 16]","[2, 0, 0]","[2, 0, 0]","[1, 0, 0]","[0, 0, 0]","[0, 0, 0]","[0, 0, 0]","[8, 5, 0]","[3, 1, 0]","[3, 0, 1]","[10, 1, 0]","[4, 1, 1]","[0, 0, 0]","[0, 0, 0]","[6, 2, 0]","[10, 3, 0]","[0, 0, 0]","[0, 0, 0]","[0, 0, 0]","[0, 0, 0]","[0, 0, 0]","[0, 0, 0]","[2, 0, 0]","[0, 0, 0]",93,0.33695652173913043
Hisar Metal,7,0.4286,0.5714,0.0,0,"[1, 3, 8, 12, 15, 16]","[0, 0, 0]","[1, 0, 0]","[0, 0, 0]","[0, 1, 0]","[1, 0, 0]","[0, 0, 0]","[1, 2, 0]","[0, 0, 0]","[0, 0, 0]","[1, 0, 0]","[1, 0, 0]","[0, 0, 0]","[0, 0, 0]","[1, 1, 0]","[0, 0, 0]","[0, 0, 0]","[0, 0, 0]","[0, 0, 0]","[0, 0, 0]","[0, 0, 0]","[0, 0, 0]","[0, 0, 0]","[0, 0, 0]",48,0.17391304347826086
Incredible Industries Ltd,12,0.8333,0.1667,0.0,0,"[1, 2, 3, 4, 11, 12, 16]","[0, 0, 0]","[0, 0, 0]","[0, 0, 0]","[0, 0, 0]","[0, 0, 0]","[0, 0, 0]","[4, 0, 0]","[1, 1, 0]","[1, 0, 0]","[3, 0, 0]","[0, 0, 0]","[0, 0, 0]","[0, 0, 0]","[5, 1, 0]","[2, 2, 0]","[0, 0, 0]","[0, 0, 0]","[0, 0, 0]","[0, 0, 0]","[0, 0, 0]","[0, 0, 0]","[0, 0, 0]","[0, 0, 0]",44,0.15942028985507245
JSW Steel 2024-25,269,0.5019,0.3866,0.1115,30,[],"[1, 1, 0]","[29, 24, 12]","[0, 3, 0]","[0, 1, 0]","[0, 0, 0]","[0, 0, 0]","[29, 46, 13]","[11, 12, 1]","[7, 3, 0]","[25, 23, 6]","[20, 11, 5]","[0, 1, 0]","[0, 0, 0]","[32, 6, 0]","[36, 17, 4]","[5, 2, 3]","[0, 0, 0]","[0, 1, 0]","[0, 0, 0]","[2, 3, 0]","[2, 6, 0]","[3, 0, 0]","[0, 0, 0]",199,0.7210144927536232
JTL Industries Ltd,35,0.6857,0.2571,0.0571,2,"[3, 4, 12]","[1, 0, 0]","[5, 0, 0]","[0, 0, 0]","[0, 0, 0]","[0, 0, 0]","[0, 0, 0]","[8, 6, 2]","[4, 1, 0]","[1, 0, 0]","[5, 1, 0]","[2, 1, 0]","[0, 0, 0]","[0, 0, 0]","[6, 3, 0]","[5, 2, 0]","[2, 0, 0]","[0, 0, 0]","[0, 0, 0]","[0, 0, 0]","[0, 0, 0]","[0, 0, 0]","[0, 0, 0]","[0, 0, 0]",93,0.33695652173913043
Jayaswal Neco Industries Ltd,99,0.6061,0.3232,0.0707,7,[3],"[1, 1, 0]","[14, 2, 1]","[0, 0, 0]","[1, 0, 0]","[0, 0, 0]","[0, 0, 0]","[12, 21, 4]","[1, 1, 0]","[2, 2, 0]","[18, 5, 1]","[3, 3, 0]","[2, 0, 0]","[0, 0, 0]","[14, 3, 0]","[12, 2, 1]","[4, 4, 0]","[0, 0, 0]","[0, 0, 0]","[0, 1, 1]","[0, 1, 0]","[0, 0, 0]","[3, 0, 0]","[0, 0, 0]",142,0.5144927536231884
Jindal Saw Ltd,28,0.4643,0.3929,0.1429,4,"[1, 3, 4, 12]","[0, 0, 0]","[3, 4, 3]","[0, 0, 0]","[0, 0, 0]","[0, 0, 0]","[0, 0, 0]","[4, 6, 1]","[1, 0, 0]","[0, 1, 0]","[2, 2, 0]","[3, 1, 0]","[0, 0, 0]","[0, 0, 0]","[2, 0, 0]","[3, 0, 0]","[0, 0, 1]","[0, 0, 0]","[0, 0, 0]","[0, 0, 0]","[0, 0, 0]","[0, 0, 0]","[0, 0, 0]","[0, 0, 0]",88,0.3188405797101449
Jindal Stainless 2024-25,129,0.5349,0.3333,0.1318,17,[],"[3, 0, 0]","[11, 3, 0]","[2, 0, 0]","[1, 0, 0]","[0, 0, 0]","[0, 0, 0]","[19, 27, 15]","[7, 4, 1]","[5, 2, 0]","[7, 4, 3]","[8, 3, 0]","[1, 1, 0]","[0, 0, 0]","[14, 4, 0]","[19, 11, 1]","[7, 5, 0]","[0, 0, 0]","[0, 0, 0]","[1, 0, 0]","[4, 0, 0]","[1, 1, 0]","[3, 0, 0]","[0, 0, 0]",155,0.5615942028985508
Jindal Steel 2024-25,103,0.5437,0.3398,0.1165,12,"[3, 12]","[4, 1, 1]","[16, 4, 3]","[0, 0, 0]","[0, 1, 0]","[0, 0, 0]","[0, 0, 0]","[12, 24, 6]","[6, 3, 1]","[2, 0, 0]","[14, 2, 2]","[9, 7, 1]","[0, 0, 0]","[0, 0, 0]","[6, 3, 0]","[10, 1, 1]","[3, 2, 0]","[0, 0, 0]","[0, 0, 0]","[0, 0, 1]","[1, 1, 0]","[2, 0, 0]","[2, 0, 0]","[0, 0, 0]",175,0.6340579710144928
Kalyani Steels Ltd,18,0.4444,0.5,0.0556,1,"[1, 2, 3, 4, 8, 12, 16]","[0, 0, 0]","[0, 0, 0]","[0, 0, 0]","[0, 0, 0]","[0, 0, 0]","[0, 0, 0]","[1, 6, 1]","[0, 0, 0]","[0, 0, 0]","[4, 2, 0]","[1, 3, 0]","[0, 0, 0]","[0, 0, 0]","[3, 0, 0]","[1, 0, 0]","[0, 0, 0]","[0, 0, 0]","[2, 0, 0]","[0, 0, 0]","[0, 0, 0]","[0, 0, 0]","[0, 0, 0]","[0, 0, 0]",54,0.1956521739130435
Kamdhenu Steel,15,0.6667,0.2,0.1333,2,"[1, 3, 4, 11, 12]","[0, 0, 0]","[2, 1, 1]","[0, 0, 0]","[0, 0, 0]","[0, 0, 0]","[0, 0, 0]","[3, 2, 1]","[1, 0, 0]","[2, 0, 0]","[0, 0, 0]","[0, 0, 0]","[0, 0, 0]","[0, 0, 0]","[1, 0, 0]","[2, 0, 0]","[2, 0, 0]","[0, 0, 0]","[0, 0, 0]","[0, 0, 0]","[0, 0, 0]","[0, 0, 0]","[0, 0, 0]","[0, 0, 0]",65,0.23550724637681159
Kanishk Steel Industries Ltd,2,0.5,0.5,0.0,0,"[1, 2, 3, 4, 8, 11, 12, 15, 16]","[0, 0, 0]","[0, 0, 0]","[0, 0, 0]","[0, 0, 0]","[0, 0, 0]","[0, 0, 0]","[0, 1, 0]","[0, 0, 0]","[0, 0, 0]","[0, 0, 0]","[0, 0, 0]","[0, 0, 0]","[0, 0, 0]","[1, 0, 0]","[0, 0, 0]","[0, 0, 0]","[0, 0, 0]","[0, 0, 0]","[0, 0, 0]","[0, 0, 0]","[0, 0, 0]","[0, 0, 0]","[0, 0, 0]",15,0.05434782608695652
Kirloskar Ferrous,59,0.5932,0.2712,0.1356,8,[3],"[1, 1, 0]","[7, 0, 0]","[0, 0, 0]","[1, 0, 0]","[0, 0, 0]","[0, 0, 0]","[10, 7, 3]","[4, 0, 0]","[1, 0, 2]","[6, 3, 2]","[2, 0, 0]","[3, 0, 0]","[0, 0, 0]","[6, 2, 0]","[5, 3, 0]","[1, 5, 4]","[0, 0, 0]","[0, 0, 0]","[0, 0, 1]","[0, 0, 0]","[5, 4, 0]","[4, 1, 0]","[0, 0, 0]",109,0.39492753623188404
Kritika Wires Ltd,4,0.5,0.5,0.0,0,"[1, 2, 3, 4, 11, 12, 16]","[0, 0, 0]","[0, 0, 0]","[0, 0, 0]","[0, 0, 0]","[0, 0, 0]","[0, 0, 0]","[0, 2, 0]","[1, 0, 0]","[0, 0, 0]","[0, 0, 0]","[0, 0, 0]","[0, 0, 0]","[0, 0, 0]","[1, 0, 0]","[1, 0, 0]","[0, 0, 0]","[0, 0, 0]","[0, 0, 0]","[0, 0, 0]","[0, 0, 0]","[0, 0, 0]","[0, 0, 0]","[0, 0, 0]",23,0.08333333333333333
MAN Group (India) 2024-25,14,0.6429,0.3571,0.0,0,"[2, 3, 4, 12, 14, 16]","[1, 0, 0]","[0, 0, 0]","[0, 0, 0]","[0, 0, 0]","[0, 1, 0]","[0, 0, 0]","[4, 4, 0]","[1, 0, 0]","[0, 0, 0]","[0, 0, 0]","[4, 0, 0]","[0, 0, 0]","[0, 0, 0]","[0, 0, 0]","[1, 0, 0]","[0, 0, 0]","[0, 0, 0]","[0, 0, 0]","[1, 0, 0]","[0, 0, 0]","[0, 0, 0]","[0, 0, 0]","[0, 0, 0]",30,0.10869565217391304
MSP Steel Power Ltd,17,0.6471,0.2941,0.0588,1,"[1, 3, 4, 12, 15, 16]","[0, 0, 0]","[3, 1, 0]","[0, 0, 0]","[0, 0, 0]","[0, 0, 0]","[0, 0, 0]","[4, 4, 1]","[1, 0, 0]","[0, 0, 0]","[3, 2, 1]","[1, 0, 0]","[0, 0, 0]","[0, 0, 0]","[3, 0, 0]","[0, 0, 0]","[0, 0, 0]","[0, 0, 0]","[0, 0, 0]","[0, 0, 0]","[0, 0, 0]","[0, 0, 0]","[0, 0, 0]","[0, 0, 0]",53,0.19202898550724637
Magna Electro Castings 2024-25,7,0.7143,0.2857,0.0,0,"[1, 3, 4, 8, 12]","[0, 0, 0]","[2, 0, 0]","[0, 0, 0]","[0, 0, 0]","[0, 0, 0]","[0, 0, 0]","[2, 0, 0]","[0, 0, 0]","[0, 0, 0]","[1, 1, 0]","[1, 0, 0]","[0, 0, 0]","[0, 0, 0]","[0, 1, 0]","[0, 1, 0]","[1, 0, 0]","[0, 0, 0]","[0, 0, 0]","[0, 0, 0]","[0, 0, 0]","[0, 0, 0]","[0, 0, 0]","[0, 0, 0]",35,0.12681159420289856
Maharashtra Seamless Ltd,13,0.6154,0.3846,0.0,0,"[2, 3, 8, 12, 16]","[1, 0, 0]","[0, 0, 0]","[0, 0, 0]","[1, 0, 0]","[0, 0, 0]","[0, 0, 0]","[2, 3, 0]","[0, 0, 0]","[0, 0, 0]","[1, 1, 0]","[2, 0, 0]","[0, 0, 0]","[0, 0, 0]","[2, 2, 0]","[3, 2, 0]","[0, 0, 0]","[0, 0, 0]","[0, 0, 0]","[0, 0, 0]","[1, 0, 0]","[0, 0, 0]","[0, 0, 0]","[0, 0, 0]",54,0.1956521739130435
Manaksia Coated Metals Ltd,17,0.6471,0.2941,0.0588,1,"[1, 3, 11]","[0, 0, 0]","[0, 0, 1]","[0, 0, 0]","[1, 0, 0]","[0, 0, 0]","[0, 0, 0]","[3, 4, 0]","[1, 0, 0]","[2, 0, 0]","[3, 1, 0]","[0, 0, 0]","[1, 0, 0]","[0, 0, 0]","[4, 0, 0]","[1, 1, 0]","[2, 1, 0]","[0, 0, 0]","[0, 0, 0]","[0, 0, 0]","[0, 0, 0]","[0, 0, 0]","[0, 0, 0]","[0, 0, 0]",67,0.2427536231884058
Mangalam Alloys Ltd,7,0.7143,0.2857,0.0,0,"[1, 3, 4, 11, 16]","[0, 0, 0]","[1, 0, 0]","[0, 0, 0]","[0, 0, 0]","[0, 0, 0]","[0, 0, 0]","[2, 1, 0]","[2, 0, 0]","[0, 0, 0]","[0, 0, 0]","[0, 0, 0]","[1, 0, 0]","[0, 0, 0]","[0, 1, 0]","[1, 1, 0]","[0, 0, 0]","[0, 0, 0]","[0, 0, 0]","[0, 0, 0]","[0, 0, 0]","[0, 0, 0]","[0, 0, 0]","[0, 0, 0]",49,0.17753623188405798
Metal Coatings India Ltd,2,1.0,0.0,0.0,0,"[1, 2, 3, 4, 7, 11, 12, 14, 16]","[0, 0, 0]","[0, 0, 0]","[0, 0, 0]","[0, 0, 0]","[0, 0, 0]","[0, 0, 0]","[0, 0, 0]","[1, 0, 0]","[0, 0, 0]","[1, 0, 0]","[0, 0, 0]","[0, 0, 0]","[0, 0, 0]","[0, 0, 0]","[1, 0, 0]","[0, 0, 0]","[0, 0, 0]","[0, 0, 0]","[0, 0, 0]","[0, 0, 0]","[0, 0, 0]","[0, 0, 0]","[0, 0, 0]",8,0.028985507246376812
Midhani Ltd,37,0.5676,0.3784,0.0541,2,"[3, 4]","[2, 1, 0]","[11, 4, 2]","[0, 0, 0]","[0, 0, 0]","[0, 0, 0]","[0, 0, 0]","[2, 4, 0]","[1, 0, 0]","[0, 1, 0]","[1, 3, 1]","[2, 3, 0]","[3, 2, 0]","[0, 0, 0]","[1, 0, 0]","[4, 1, 0]","[0, 3, 0]","[0, 0, 0]","[0, 0, 0]","[0, 0, 0]","[0, 0, 0]","[0, 0, 0]","[0, 0, 0]","[0, 0, 0]",98,0.35507246376811596
Mukand Ltd,30,0.5667,0.3667,0.0667,2,"[4, 12]","[1, 1, 0]","[2, 0, 0]","[0, 1, 0]","[0, 0, 0]","[0, 0, 0]","[0, 0, 0]","[9, 9, 2]","[3, 0, 0]","[1, 0, 0]","[3, 0, 0]","[1, 0, 0]","[0, 0, 0]","[0, 0, 0]","[3, 1, 0]","[3, 1, 0]","[1, 1, 0]","[0, 0, 0]","[0, 0, 0]","[0, 0, 0]","[0, 0, 0]","[1, 0, 0]","[0, 0, 0]","[0, 0, 0]",95,0.3442028985507246
Oil Country Tubular,1,1.0,0.0,0.0,0,"[1, 3, 4, 7, 8, 11, 12, 14, 15, 16]","[0, 0, 0]","[1, 0, 0]","[0, 0, 0]","[0, 0, 0]","[0, 0, 0]","[0, 0, 0]","[0, 0, 0]","[0, 0, 0]","[0, 0, 0]","[0, 0, 0]","[0, 0, 0]","[0, 0, 0]","[0, 0, 0]","[0, 0, 0]","[0, 0, 0]","[0, 0, 0]","[0, 0, 0]","[0, 0, 0]","[0, 0, 0]","[0, 0, 0]","[0, 0, 0]","[0, 0, 0]","[0, 0, 0]",3,0.010869565217391304
Pennar Industries,25,0.64,0.36,0.0,0,"[1, 2, 3, 4, 12]","[0, 0, 0]","[0, 0, 0]","[0, 0, 0]","[0, 0, 0]","[0, 0, 0]","[0, 0, 0]","[5, 9, 0]","[2, 0, 0]","[3, 0, 0]","[2, 0, 0]","[3, 0, 0]","[0, 0, 0]","[0, 0, 0]","[3, 1, 0]","[3, 1, 0]","[1, 0, 0]","[0, 0, 0]","[0, 0, 0]","[0, 0, 0]","[0, 0, 0]","[0, 0, 0]","[0, 0, 0]","[0, 0, 0]",55,0.19927536231884058
RINL 22024-25,60,0.6167,0.2167,0.1667,10,"[3, 16]","[3, 1, 2]","[16, 5, 4]","[0, 0, 0]","[0, 1, 0]","[0, 0, 0]","[0, 0, 0]","[6, 3, 3]","[0, 1, 0]","[0, 0, 0]","[4, 1, 1]","[0, 0, 1]","[1, 0, 0]","[0, 0, 0]","[8, 3, 3]","[12, 2, 1]","[0, 0, 0]","[0, 0, 0]","[0, 0, 1]","[0, 0, 0]","[0, 0, 0]","[0, 0, 0]","[0, 0, 0]","[0, 0, 0]",152,0.5507246376811594
Rama Steel 2024-25,18,0.4444,0.3333,0.2222,4,"[2, 3, 12, 16]","[1, 0, 0]","[0, 0, 0]","[0, 0, 0]","[1, 0, 0]","[0, 0, 0]","[0, 0, 0]","[2, 5, 2]","[1, 0, 1]","[0, 1, 0]","[0, 0, 0]","[0, 0, 2]","[0, 0, 0]","[0, 0, 0]","[5, 1, 0]","[2, 0, 0]","[0, 0, 0]","[0, 0, 0]","[0, 0, 0]","[0, 0, 0]","[0, 0, 0]","[0, 0, 0]","[0, 0, 0]","[0, 0, 0]",87,0.31521739130434784
Rathi Bars Ltd,4,0.25,0.75,0.0,0,"[1, 2, 3, 4, 8, 11, 12, 15, 16]","[0, 0, 0]","[0, 0, 0]","[0, 0, 0]","[0, 0, 0]","[0, 0, 0]","[0, 0, 0]","[0, 2, 0]","[0, 0, 0]","[0, 0, 0]","[0, 0, 0]","[0, 0, 0]","[0, 0, 0]","[0, 0, 0]","[1, 1, 0]","[0, 0, 0]","[0, 0, 0]","[0, 0, 0]","[0, 0, 0]","[0, 0, 0]","[0, 0, 0]","[0, 0, 0]","[0, 0, 0]","[0, 0, 0]",25,0.09057971014492754
Rathi Steel Power 2024-25,11,0.1818,0.8182,0.0,0,"[1, 3, 4, 12]","[0, 0, 0]","[0, 1, 0]","[0, 0, 0]","[0, 0, 0]","[0, 0, 0]","[0, 0, 0]","[0, 4, 0]","[0, 1, 0]","[0, 0, 0]","[0, 0, 0]","[0, 1, 0]","[0, 0, 0]","[0, 0, 0]","[0, 1, 0]","[0, 3, 0]","[2, 0, 0]","[0, 0, 0]","[0, 0, 0]","[0, 0, 0]","[0, 0, 0]","[0, 0, 0]","[0, 0, 0]","[0, 0, 0]",56,0.2028985507246377
Ratnamani Metals and Tubes Ltd,28,0.5,0.3929,0.1071,3,"[1, 3, 12, 16]","[0, 0, 0]","[4, 3, 1]","[0, 0, 0]","[2, 0, 0]","[0, 0, 0]","[0, 0, 0]","[4, 7, 2]","[5, 0, 0]","[0, 0, 0]","[4, 0, 0]","[5, 1, 1]","[0, 0, 0]","[0, 0, 0]","[2, 0, 0]","[2, 0, 0]","[0, 0, 0]","[0, 0, 0]","[0, 0, 0]","[0, 1, 0]","[0, 0, 0]","[0, 0, 0]","[1, 0, 0]","[0, 0, 0]",96,0.34782608695652173
Ratnaveer Precision Engineering Ltd,17,0.8235,0.1765,0.0,0,"[1, 3, 4]","[0, 0, 0]","[3, 0, 0]","[0, 0, 0]","[0, 0, 0]","[0, 0, 0]","[0, 0, 0]","[0, 2, 0]","[1, 0, 0]","[1, 0, 0]","[2, 0, 0]","[1, 0, 0]","[1, 0, 0]","[0, 0, 0]","[4, 1, 0]","[3, 1, 0]","[2, 0, 0]","[0, 0, 0]","[0, 0, 0]","[1, 0, 0]","[0, 0, 0]","[0, 0, 0]","[0, 0, 0]","[0, 0, 0]",58,0.21014492753623187
Remi Edelstahl Ltd,2,1.0,0.0,0.0,0,"[1, 2, 3, 4, 7, 8, 11, 12, 14, 15, 16]","[0, 0, 0]","[0, 0, 0]","[0, 0, 0]","[0, 0, 0]","[0, 0, 0]","[0, 0, 0]","[0, 0, 0]","[0, 0, 0]","[0, 0, 0]","[1, 0, 0]","[0, 0, 0]","[0, 0, 0]","[0, 0, 0]","[0, 0, 0]","[0, 0, 0]","[0, 0, 0]","[0, 0, 0]","[0, 0, 0]","[1, 0, 0]","[0, 0, 0]","[0, 0, 0]","[0, 0, 0]","[0, 0, 0]",0,0.0
Rhetan TMT,7,0.7143,0.1429,0.1429,1,"[2, 3, 4, 8, 11, 12]","[1, 0, 0]","[0, 0, 0]","[0, 0, 0]","[0, 0, 0]","[0, 0, 0]","[0, 0, 0]","[1, 1, 0]","[0, 0, 0]","[1, 0, 1]","[0, 0, 0]","[0, 0, 0]","[0, 0, 0]","[0, 0, 0]","[1, 0, 0]","[2, 1, 0]","[1, 0, 0]","[0, 0, 0]","[0, 0, 0]","[0, 0, 0]","[0, 0, 0]","[0, 0, 0]","[0, 0, 0]","[0, 0, 0]",38,0.13768115942028986
Riddhi Steel and Tubes Ltd,0,0.0,0.0,0.0,0,"[1, 2, 3, 4, 7, 8, 11, 12, 14, 15, 16]","[0, 0, 0]","[0, 0, 0]","[0, 0, 0]","[0, 0, 0]","[0, 0, 0]","[0, 0, 0]","[0, 0, 0]","[0, 0, 0]","[0, 0, 0]","[0, 0, 0]","[0, 0, 0]","[0, 0, 0]","[0, 0, 0]","[0, 0, 0]","[0, 0, 0]","[0, 0, 0]","[0, 0, 0]","[0, 0, 0]","[0, 0, 0]","[0, 0, 0]","[0, 0, 0]","[0, 0, 0]","[0, 0, 0]",0,0.0
SAL Steel 2024-25,2,1.0,0.0,0.0,0,"[1, 2, 3, 4, 7, 11, 12, 14, 16]","[0, 0, 0]","[0, 0, 0]","[0, 0, 0]","[0, 0, 0]","[0, 0, 0]","[0, 0, 0]","[0, 0, 0]","[1, 0, 0]","[0, 0, 0]","[0, 0, 0]","[0, 0, 0]","[0, 0, 0]","[0, 0, 0]","[0, 0, 0]","[1, 0, 0]","[0, 0, 0]","[0, 0, 0]","[0, 0, 0]","[0, 0, 0]","[0, 0, 0]","[0, 0, 0]","[0, 0, 0]","[0, 0, 0]",8,0.028985507246376812
SRMB_Sustainability_Report2024_25,37,0.4865,0.4324,0.0811,3,"[1, 3, 4]","[0, 0, 0]","[3, 2, 1]","[0, 0, 0]","[0, 0, 0]","[0, 0, 0]","[0, 0, 0]","[2, 11, 1]","[2, 3, 1]","[0, 1, 0]","[7, 3, 1]","[3, 1, 0]","[1, 1, 0]","[0, 0, 0]","[2, 1, 0]","[3, 2, 0]","[4, 2, 0]","[0, 0, 0]","[0, 0, 0]","[0, 0, 0]","[0, 0, 0]","[0, 0, 0]","[0, 0, 0]","[0, 0, 0]",141,0.5108695652173914
Sail Annual Report_2025_(25_08_2025),152,0.4605,0.4013,0.1382,21,[4],"[5, 2, 5]","[19, 10, 3]","[1, 0, 0]","[0, 0, 0]","[0, 0, 0]","[0, 0, 0]","[15, 37, 8]","[2, 3, 0]","[0, 2, 0]","[18, 10, 4]","[2, 2, 2]","[2, 1, 0]","[0, 0, 0]","[22, 8, 8]","[13, 10, 4]","[2, 1, 2]","[0, 0, 0]","[1, 0, 0]","[1, 1, 0]","[0, 0, 0]","[0, 1, 0]","[0, 0, 0]","[0, 0, 0]",199,0.7210144927536232
Sambhv Steel,25,0.6,0.36,0.04,1,"[3, 4]","[1, 0, 0]","[2, 2, 1]","[0, 0, 0]","[0, 0, 0]","[0, 0, 0]","[0, 0, 0]","[10, 5, 0]","[2, 0, 0]","[1, 0, 0]","[1, 1, 0]","[2, 1, 0]","[1, 2, 0]","[0, 0, 0]","[1, 1, 0]","[1, 0, 0]","[0, 1, 0]","[0, 0, 0]","[0, 0, 0]","[0, 0, 0]","[0, 0, 0]","[0, 0, 0]","[0, 0, 0]","[0, 0, 0]",96,0.34782608695652173
Sarda Energy and Minerals Ltd,73,0.5205,0.3699,0.1096,8,"[3, 4, 12]","[3, 2, 0]","[7, 4, 3]","[0, 0, 0]","[0, 0, 0]","[0, 0, 0]","[0, 0, 0]","[11, 17, 6]","[8, 2, 0]","[1, 0, 0]","[8, 3, 2]","[4, 2, 0]","[0, 0, 0]","[0, 0, 0]","[11, 3, 0]","[5, 4, 0]","[4, 1, 0]","[0, 0, 0]","[0, 0, 0]","[0, 0, 0]","[0, 0, 0]","[1, 0, 0]","[3, 0, 0]","[0, 0, 0]",120,0.43478260869565216
Sarthak Metals Ltd,6,0.6667,0.3333,0.0,0,"[1, 2, 3, 4, 11, 12, 15]","[0, 0, 0]","[0, 0, 0]","[0, 0, 0]","[0, 0, 0]","[0, 0, 0]","[0, 0, 0]","[1, 0, 0]","[1, 1, 0]","[1, 0, 0]","[1, 0, 0]","[0, 0, 0]","[0, 0, 0]","[0, 0, 0]","[1, 0, 0]","[0, 0, 0]","[1, 2, 0]","[0, 0, 0]","[0, 0, 0]","[0, 0, 0]","[0, 0, 0]","[0, 0, 0]","[0, 0, 0]","[0, 0, 0]",34,0.12318840579710146
Scan Steels Ltd,15,1.0,0.0,0.0,0,"[1, 2, 3, 12, 16]","[0, 0, 0]","[0, 0, 0]","[0, 0, 0]","[1, 0, 0]","[1, 0, 0]","[0, 0, 0]","[2, 0, 0]","[2, 0, 0]","[0, 0, 0]","[1, 0, 0]","[3, 0, 0]","[0, 0, 0]","[0, 0, 0]","[6, 0, 0]","[4, 0, 0]","[0, 0, 0]","[0, 0, 0]","[0, 0, 0]","[0, 0, 0]","[0, 0, 0]","[0, 0, 0]","[3, 0, 0]","[0, 0, 0]",28,0.10144927536231885
Scoda Tubes Ltd,8,0.75,0.25,0.0,0,"[1, 2, 3, 4, 11, 12, 16]","[0, 0, 0]","[0, 0, 0]","[0, 0, 0]","[0, 0, 0]","[0, 0, 0]","[0, 0, 0]","[2, 1, 0]","[1, 0, 0]","[0, 0, 0]","[0, 0, 0]","[0, 0, 0]","[0, 0, 0]","[0, 0, 0]","[2, 1, 0]","[2, 1, 0]","[0, 0, 0]","[0, 0, 0]","[0, 0, 0]","[0, 0, 0]","[0, 0, 0]","[0, 0, 0]","[0, 0, 0]","[0, 0, 0]",46,0.16666666666666666
Shah Metacorp 2024-25,2,1.0,0.0,0.0,0,"[1, 2, 3, 4, 7, 8, 11, 12]","[0, 0, 0]","[0, 0, 0]","[0, 0, 0]","[0, 0, 0]","[0, 0, 0]","[0, 0, 0]","[0, 0, 0]","[0, 0, 0]","[1, 0, 0]","[0, 0, 0]","[0, 0, 0]","[0, 0, 0]","[0, 0, 0]","[1, 0, 0]","[1, 0, 0]","[1, 0, 0]","[0, 0, 0]","[0, 0, 0]","[0, 0, 0]","[0, 0, 0]","[0, 0, 0]","[0, 0, 0]","[0, 0, 0]",13,0.04710144927536232
Sharda Ispat 2024-25,2,1.0,0.0,0.0,0,"[1, 2, 3, 8, 11, 12, 14, 15, 16]","[0, 0, 0]","[0, 0, 0]","[0, 0, 0]","[1, 0, 0]","[0, 0, 0]","[0, 0, 0]","[1, 0, 0]","[0, 0, 0]","[0, 0, 0]","[0, 0, 0]","[0, 0, 0]","[0, 0, 0]","[0, 0, 0]","[0, 0, 0]","[0, 0, 0]","[0, 0, 0]","[0, 0, 0]","[0, 0, 0]","[0, 0, 0]","[0, 0, 0]","[0, 0, 0]","[0, 0, 0]","[0, 0, 0]",10,0.036231884057971016
Shree Steel Wire 2024-25,2,0.5,0.5,0.0,0,"[1, 2, 3, 4, 8, 11, 12, 15, 16]","[0, 0, 0]","[0, 0, 0]","[0, 0, 0]","[0, 0, 0]","[0, 0, 0]","[0, 0, 0]","[0, 1, 0]","[0, 0, 0]","[0, 0, 0]","[0, 0, 0]","[0, 0, 0]","[0, 0, 0]","[0, 0, 0]","[1, 0, 0]","[0, 0, 0]","[0, 0, 0]","[0, 0, 0]","[0, 0, 0]","[0, 0, 0]","[0, 0, 0]","[0, 0, 0]","[0, 0, 0]","[0, 0, 0]",15,0.05434782608695652
Shri Bajrang Alliance Ltd,0,0.0,0.0,0.0,0,"[1, 2, 3, 4, 7, 8, 11, 12, 14, 15, 16]","[0, 0, 0]","[0, 0, 0]","[0, 0, 0]","[0, 0, 0]","[0, 0, 0]","[0, 0, 0]","[0, 0, 0]","[0, 0, 0]","[0, 0, 0]","[0, 0, 0]","[0, 0, 0]","[0, 0, 0]","[0, 0, 0]","[0, 0, 0]","[0, 0, 0]","[0, 0, 0]","[0, 0, 0]","[0, 0, 0]","[0, 0, 0]","[0, 0, 0]","[0, 0, 0]","[0, 0, 0]","[0, 0, 0]",0,0.0
Sunflag Iron and Steel,42,0.5,0.4286,0.0714,3,"[3, 4, 12]","[1, 1, 0]","[6, 6, 1]","[0, 0, 0]","[0, 0, 0]","[0, 0, 0]","[0, 0, 0]","[1, 11, 0]","[4, 0, 0]","[0, 0, 0]","[2, 1, 0]","[1, 0, 0]","[0, 0, 0]","[0, 0, 0]","[8, 2, 0]","[7, 6, 1]","[1, 2, 0]","[0, 0, 0]","[0, 0, 0]","[0, 0, 2]","[0, 0, 0]","[0, 0, 0]","[0, 0, 0]","[0, 0, 0]",99,0.358695652173913
Suraj Ltd 2024-25,4,0.75,0.25,0.0,0,"[1, 2, 3, 4, 11, 14, 16]","[0, 0, 0]","[0, 0, 0]","[0, 0, 0]","[0, 0, 0]","[0, 0, 0]","[0, 0, 0]","[0, 1, 0]","[2, 0, 0]","[0, 0, 0]","[1, 0, 0]","[0, 0, 0]","[1, 0, 0]","[0, 0, 0]","[0, 0, 0]","[1, 0, 0]","[0, 0, 0]","[0, 0, 0]","[0, 0, 0]","[0, 0, 0]","[0, 0, 0]","[0, 0, 0]","[0, 0, 0]","[0, 0, 0]",23,0.08333333333333333
Suraj Products 2024-25,7,0.5714,0.4286,0.0,0,"[3, 4, 11, 14, 15, 16]","[0, 1, 0]","[1, 0, 0]","[0, 0, 0]","[0, 0, 0]","[0, 0, 0]","[0, 0, 0]","[3, 2, 0]","[1, 0, 0]","[0, 0, 0]","[0, 1, 0]","[0, 0, 0]","[1, 0, 0]","[0, 0, 0]","[0, 0, 0]","[0, 0, 0]","[0, 0, 0]","[0, 0, 0]","[0, 0, 0]","[0, 0, 0]","[0, 0, 0]","[0, 0, 0]","[0, 0, 0]","[0, 0, 0]",31,0.11231884057971014
Surani Steel Tubes Ltd,2,1.0,0.0,0.0,0,"[1, 2, 3, 4, 7, 11, 12, 16]","[0, 0, 0]","[0, 0, 0]","[0, 0, 0]","[0, 0, 0]","[0, 0, 0]","[0, 0, 0]","[0, 0, 0]","[1, 0, 0]","[0, 0, 0]","[1, 0, 0]","[0, 0, 0]","[0, 0, 0]","[0, 0, 0]","[1, 0, 0]","[1, 0, 0]","[0, 0, 0]","[0, 0, 0]","[0, 0, 0]","[0, 0, 0]","[0, 0, 0]","[0, 0, 0]","[0, 0, 0]","[0, 0, 0]",13,0.04710144927536232
Surya Roshni Ltd,46,0.587,0.3913,0.0217,1,"[3, 4, 12]","[2, 0, 0]","[5, 0, 0]","[0, 0, 0]","[0, 0, 0]","[0, 0, 0]","[0, 0, 0]","[4, 15, 1]","[4, 0, 0]","[3, 0, 0]","[7, 1, 0]","[4, 1, 1]","[0, 0, 0]","[0, 0, 0]","[2, 1, 0]","[3, 3, 0]","[3, 3, 0]","[0, 0, 0]","[0, 0, 0]","[0, 1, 0]","[1, 0, 0]","[0, 0, 0]","[0, 0, 0]","[0, 0, 0]",108,0.391304347826087
Tata Steel 2025,185,0.4486,0.3027,0.2486,46,[],"[3, 2, 3]","[19, 7, 6]","[2, 0, 0]","[1, 1, 1]","[0, 0, 0]","[0, 0, 0]","[10, 24, 17]","[9, 2, 0]","[1, 1, 0]","[19, 6, 6]","[5, 8, 4]","[2, 1, 0]","[0, 0, 0]","[24, 9, 14]","[40, 17, 8]","[4, 1, 1]","[0, 0, 0]","[0, 0, 5]","[1, 0, 2]","[0, 0, 0]","[0, 2, 1]","[1, 0, 0]","[0, 0, 0]",229,0.8297101449275363
Technocraft,18,0.3889,0.6111,0.0,0,"[4, 8, 12]","[0, 1, 0]","[2, 0, 0]","[0, 2, 0]","[0, 0, 0]","[0, 0, 0]","[0, 0, 0]","[2, 6, 0]","[0, 0, 0]","[0, 0, 0]","[1, 0, 0]","[1, 0, 0]","[0, 0, 0]","[0, 0, 0]","[1, 1, 0]","[3, 4, 0]","[1, 1, 0]","[0, 0, 0]","[0, 0, 0]","[0, 0, 0]","[0, 0, 0]","[0, 0, 0]","[0, 0, 0]","[0, 0, 0]",74,0.26811594202898553
Tube Investments of India Ltd,45,0.3778,0.4444,0.1778,8,"[3, 4, 12]","[0, 1, 0]","[2, 4, 3]","[0, 0, 0]","[0, 0, 0]","[0, 0, 0]","[0, 0, 0]","[9, 14, 2]","[2, 0, 3]","[0, 0, 0]","[1, 1, 0]","[1, 2, 1]","[0, 0, 0]","[0, 0, 0]","[3, 1, 1]","[0, 1, 1]","[2, 1, 0]","[2, 0, 0]","[0, 0, 0]","[0, 0, 0]","[0, 0, 0]","[0, 0, 0]","[2, 0, 0]","[0, 0, 0]",160,0.5797101449275363
Tulsyan NEC Ltd,11,0.6364,0.3636,0.0,0,"[1, 2, 3, 4, 12, 14, 15]","[0, 0, 0]","[0, 0, 0]","[0, 0, 0]","[0, 0, 0]","[0, 0, 0]","[0, 0, 0]","[1, 3, 0]","[3, 2, 0]","[1, 0, 0]","[1, 1, 0]","[1, 1, 0]","[0, 0, 0]","[0, 0, 0]","[0, 0, 0]","[0, 0, 0]","[1, 1, 0]","[0, 0, 0]","[0, 0, 0]","[0, 0, 0]","[0, 0, 0]","[0, 0, 0]","[0, 0, 0]","[0, 0, 0]",54,0.1956521739130435
UNI Abex Alloys 2024-25,13,0.4615,0.4615,0.0769,1,"[1, 3, 4, 12, 16]","[0, 0, 0]","[1, 1, 1]","[0, 0, 0]","[0, 0, 0]","[0, 0, 0]","[0, 0, 0]","[2, 3, 0]","[1, 0, 0]","[0, 0, 0]","[0, 1, 0]","[2, 0, 0]","[0, 0, 0]","[0, 0, 0]","[2, 2, 0]","[0, 2, 0]","[0, 0, 0]","[0, 0, 0]","[0, 0, 0]","[1, 0, 0]","[0, 0, 0]","[0, 0, 0]","[0, 0, 0]","[0, 0, 0]",65,0.23550724637681159
VISA Chrome 2024-25-2-151,4,0.25,0.75,0.0,0,"[1, 3, 4, 8, 14, 15, 16]","[0, 0, 0]","[0, 2, 0]","[0, 0, 0]","[0, 0, 0]","[0, 0, 0]","[0, 0, 0]","[0, 1, 0]","[0, 0, 0]","[1, 0, 0]","[0, 0, 0]","[0, 1, 0]","[0, 1, 0]","[0, 0, 0]","[0, 0, 0]","[0, 0, 0]","[0, 0, 0]","[0, 0, 0]","[0, 0, 0]","[0, 0, 0]","[0, 0, 0]","[0, 0, 0]","[0, 0, 0]","[0, 0, 0]",36,0.13043478260869565
Vardhman ,26,0.5,0.3462,0.1538,4,"[1, 3, 4]","[0, 0, 0]","[4, 3, 3]","[0, 0, 0]","[0, 0, 0]","[0, 0, 0]","[0, 0, 0]","[0, 3, 0]","[0, 0, 1]","[1, 0, 0]","[0, 1, 0]","[0, 1, 0]","[2, 1, 2]","[0, 0, 0]","[4, 2, 0]","[1, 0, 0]","[2, 0, 0]","[0, 0, 0]","[0, 0, 0]","[0, 0, 0]","[0, 0, 0]","[1, 0, 0]","[0, 0, 0]","[0, 0, 0]",103,0.37318840579710144
Vaswani Industries,5,0.4,0.6,0.0,0,"[1, 3, 4, 11, 12, 15, 16]","[0, 0, 0]","[0, 1, 0]","[0, 0, 0]","[0, 0, 0]","[0, 0, 0]","[0, 0, 0]","[1, 2, 0]","[1, 0, 0]","[0, 0, 0]","[0, 1, 0]","[0, 0, 0]","[0, 0, 0]","[0, 0, 0]","[0, 1, 0]","[0, 0, 0]","[0, 0, 0]","[0, 0, 0]","[0, 0, 0]","[0, 0, 0]","[0, 0, 0]","[0, 0, 0]","[0, 0, 0]","[0, 0, 0]",35,0.12681159420289856
Venus Pipes Ltd,43,0.5814,0.3023,0.1163,5,"[3, 4]","[1, 0, 0]","[3, 1, 2]","[0, 0, 0]","[0, 0, 0]","[0, 0, 0]","[0, 0, 0]","[6, 9, 1]","[3, 1, 1]","[1, 0, 0]","[7, 1, 1]","[2, 3, 0]","[1, 0, 0]","[0, 0, 0]","[10, 1, 0]","[4, 2, 0]","[1, 0, 0]","[0, 0, 0]","[0, 0, 0]","[0, 0, 1]","[0, 1, 0]","[0, 1, 0]","[0, 0, 0]","[0, 0, 0]",125,0.4528985507246377
Vibhor Steel Tubes Ltd,12,0.4167,0.5,0.0833,1,"[1, 3, 11, 12, 16]","[0, 0, 0]","[1, 0, 0]","[0, 0, 0]","[0, 1, 0]","[0, 0, 0]","[0, 0, 0]","[2, 4, 0]","[1, 0, 0]","[0, 0, 0]","[0, 0, 0]","[0, 0, 0]","[0, 0, 0]","[0, 0, 0]","[1, 2, 0]","[1, 0, 0]","[0, 0, 0]","[0, 0, 0]","[0, 0, 0]","[0, 0, 1]","[0, 0, 0]","[0, 0, 0]","[0, 0, 0]","[0, 0, 0]",51,0.18478260869565216
Welcast Steels Ltd 2024-25,2,0.0,1.0,0.0,0,"[1, 2, 3, 4, 8, 11, 12, 14, 15, 16]","[0, 0, 0]","[0, 0, 0]","[0, 0, 0]","[0, 0, 0]","[0, 0, 0]","[0, 0, 0]","[0, 2, 0]","[0, 0, 0]","[0, 0, 0]","[0, 0, 0]","[0, 0, 0]","[0, 0, 0]","[0, 0, 0]","[0, 0, 0]","[0, 0, 0]","[0, 0, 0]","[0, 0, 0]","[0, 0, 0]","[0, 0, 0]","[0, 0, 0]","[0, 0, 0]","[0, 0, 0]","[0, 0, 0]",10,0.036231884057971016
Zenith Steel Pipes and Industries Ltd,2,1.0,0.0,0.0,0,"[1, 2, 3, 4, 7, 8, 11, 12, 15, 16]","[0, 0, 0]","[0, 0, 0]","[0, 0, 0]","[0, 0, 0]","[0, 0, 0]","[0, 0, 0]","[0, 0, 0]","[0, 0, 0]","[1, 0, 0]","[1, 0, 0]","[0, 0, 0]","[0, 0, 0]","[0, 0, 0]","[1, 0, 0]","[0, 0, 0]","[0, 0, 0]","[1, 0, 0]","[0, 0, 0]","[0, 0, 0]","[0, 0, 0]","[0, 0, 0]","[0, 0, 0]","[0, 0, 0]",5,0.018115942028985508
