company,pdf_filename,pages,size_mb,statements_extracted,status,sha256,source_url
AIA Engineering 2024-25,AIA Engineering 2024-25.pdf,319,22.63,50,analysed,fe397f921ae601076b7762153c32dae53efd23a31f6aa1878da38df1b05fbe8d,
APL Apollo Tubes,APL Apollo Tubes.pdf,408,19.99,63,analysed,2da118e61f789cbb792a8c301755ae18bf9e810058a4b13e8c64abb58d70ed8c,
Aanchal Ispat Ltd,Aanchal Ispat Ltd.pdf,116,2.1,5,analysed,4a614ec8ddae01231a960b0dc22d95d6f26aca717b3882bd4dc8bb0424ee368d,
Abha Power and Steel Ltd,Abha Power and Steel Ltd.pdf,68,3.89,18,analysed,849cf3e4194302992d162bd142ebe5b7254fb314a31d78d9625a3550e962c266,
Aditya Ispat ,Aditya Ispat .pdf,94,1.2,6,analysed,6bc0149a2b27edff330f765d57256d237b8ddddb5cd50abe0fd13121b32f1eea,
Aditya Ultra Steel Ltd,Aditya Ultra Steel Ltd.pdf,71,1.96,6,analysed,a86cade5f0bac9be68cbb398ac0b8c81929d1dfb3c698a33f3fc3026750165ff,
Ahmedabad Steelcraft Ltd,Ahmedabad Steelcraft Ltd.pdf,108,0.68,0,no_biodiversity_statements,7680e1c729afa52eeeef0cc6f2f60005bca938b9529661859500c1994cb252b5,
Alliance Integrated Metaliks Ltd,Alliance Integrated Metaliks Ltd.pdf,132,2.47,5,analysed,97af917964c552bd40528d5a1abb06d1ec8290e8e556b00b9ef351e98a1cd108,
Ashiana Ispat 2024-25,Ashiana Ispat 2024-25.pdf,124,3.59,7,analysed,0993b2bea325b72dca6a085785a26c5016cdff09118e052bb05139a1511fc2ed,
Azad India Mobility,Azad India Mobility.pdf,92,3.3,0,no_biodiversity_statements,6d65ac12a50edc392c4e66aa37fb6cea85e68820c76df4756a909b08456ddad4,
BMW Industries Ltd,BMW Industries Ltd.pdf,225,4.81,21,analysed,05caaa7f9f0181a73080b370d0725244d3b1b58d17eecca9a6e7f31a3b09cb90,
Bansal Wire Industries Ltd,Bansal Wire Industries Ltd.pdf,152,5.02,48,analysed,1803170ef3d82a8cffd9a99bae2859ea91b4f8cfd3018d6ebb3bcf1335ba457f,
Bedmutha Industries Ltd,Bedmutha Industries Ltd.pdf,200,4.07,8,analysed,0caf538b5a1bfd7557e44556a55e8f9845b5fe066f46c2284130dd6da196c8de,
Bhagwati Autocast 2024-25,Bhagwati Autocast 2024-25.pdf,77,0.56,1,analysed,dd4ed852a953cd61dd4c987dcba09dce0e06071eaad07e70c190ed17d71a7587,
Bombay Wire Ropes Ltd,Bombay Wire Ropes Ltd.pdf,66,0.38,1,analysed,963fb902ea355873cee628bb4463af1b5b38695ab2f732bf3ff3942e2c7d961e,
Cosmic CRF,Cosmic CRF.pdf,143,13.88,4,analysed,bd26d3671284857db48c4682e6c55aaac2a08304b5f51638f3b1c95fec9b7653,
DP Wires Ltd,DP Wires Ltd.pdf,123,3.71,9,analysed,89692d684088c03dccdf2bd20567b35923a03afc44c9da69f918aeab266bbc95,
Deem Roll Tech Ltd,Deem Roll Tech Ltd.pdf,77,0.75,2,analysed,f7ff334acf5fc2fe1da57a54f6ec6a1acfdcb9c59dbeea31eb21062603cceabb,
Dhatre Udyog Ltd,Dhatre Udyog Ltd.pdf,156,1.77,3,analysed,2e59a5aa389ccbe268df98b84d6955474ffa247973481e10f147ccb12313c71a,
East India Drums & Barrels,East India Drums & Barrels.pdf,123,21.05,13,analysed,197e78d74cd904a0b8673f37b6dc1b0682571e92d1219809126bb2997fa31251,
Electrosteel Castings Ltd,Electrosteel Castings Ltd.pdf,320,10.29,52,analysed,ba20781b69c09926403aadf471c9e27757066d4f7dbab88172409e8829953de7,
Electrotherm India,Electrotherm India.pdf,224,8.76,12,analysed,824360b558d33dedbec4dc0c1d9707bd16ff3bec250af9c9d955269dead51116,
Excellent Wires Ltd,Excellent Wires Ltd.pdf,81,1.95,2,analysed,e10c6636c5152f62b52a107a139f4fad707f140ecf017cf76f3bab993097bcbf,
Gallantt Ispat Ltd,Gallantt Ispat Ltd.pdf,316,8.22,40,analysed,e1c9b674e84d8a0c14cd99c27df621776715e8a9e2be9ffc612cb4578f51bd8e,
Gandhi Special Tubes,Gandhi Special Tubes.pdf,110,29.2,7,analysed,0be4caece81d6b455599ef5c85fb0c9fe1d67e085081ed1e3890c7e220085a17,
Garg Furnace Ltd,Garg Furnace Ltd.pdf,160,23.91,3,analysed,305b12fbe2a35ed3191cd90233439fdde392f5f41f266a09c54e43d7402fe5e1,
Godawari Power and Ispat Ltd,Godawari Power and Ispat Ltd.pdf,280,9.46,52,analysed,5330d806823296a60c8117315a3abd10392bfd8ced97ddf3b3be3549baf8296b,
Goodluck India,Goodluck India.pdf,235,3.2,49,analysed,41559bbf96c143e5607e6130ec719af01b12b6a1a34b4a53f15a0854b58253a3,
Grand Foundry Ltd,Grand Foundry Ltd.pdf,86,2.29,0,no_biodiversity_statements,61ed7f50fd237b3e1c5b230fbda5efcae6e0c6c161fec4680a335f94d9457bfd,
Gujarat Intrux Ltd,Gujarat Intrux Ltd.pdf,114,4.87,4,analysed,5931687fb9249635adfe0334d0c301bb20fa90f00e5948f80f63379d483de6d7,
Hariom Pipes,Hariom Pipes.pdf,258,5.98,38,analysed,250233838bd3057567b80d4c4cccce054e6844febd16901bd464db4eeb0d0246,
Hi-Tech Pipes Ltd,Hi-Tech Pipes Ltd.pdf,304,14.71,41,analysed,cd64cabea22644347689fd0a68b5129ce59c95a0b36d911bebd4823032cd3a60,
Hisar Metal,Hisar Metal.pdf,106,6.99,7,analysed,04a01b16aad86147cebd21fd9962135da9161105b20229016c968fbb85eed15e,
Incredible Industries Ltd,Incredible Industries Ltd.pdf,171,10.59,12,analysed,2014fff2f899a12ea2f51ad21026779d466838a686070857e72276bee43a85b0,
JSW Steel 2024-25,JSW Steel 2024-25.pdf,383,22.03,271,analysed,c25afb06eca446c0c51ecf2c04421309dabd837fbc9ac77745c08c68380f43e8,
JTL Industries Ltd,JTL Industries Ltd.pdf,332,11.1,35,analysed,d7f10ce4d1ebfc293465e40daaccfd66aa902a370e65208fd0e82731aadb9be4,
Jayaswal Neco Industries Ltd,Jayaswal Neco Industries Ltd.pdf,134,8.08,104,analysed,7f22193496a57f32bab10bec7f3252b93d4c8ffc39e0cbf1e0ba0663f0d88019,
Jindal Saw Ltd,Jindal Saw Ltd.pdf,346,12.76,29,analysed,1395da0910c4634eae82833307884590cc2ad96ad40613b1710f67fd75067f04,
Jindal Stainless 2024-25,Jindal Stainless 2024-25.pdf,423,18.45,129,analysed,df5da49c8f6a869d72309d67a393c277022aff997651f403e8ff216bb7a6f963,
Jindal Steel 2024-25,Jindal Steel 2024-25.pdf,223,12.52,103,analysed,de715bae0c02524c4854903d517da4ee30d7886e813164ee83c8c432a618454c,
Kalyani Steels Ltd,Kalyani Steels Ltd.pdf,223,4.43,20,analysed,2fb77dce1b3c4b359c913fece0117f35e91c66d5f1aab141e5abc2c8b6b9699c,
Kamdhenu Steel,Kamdhenu Steel.pdf,271,6.11,15,analysed,d25d6cd6cfb520f74e8e2cafa2b667e2a8710c43523da0f76085518b52a70c73,
Kanishk Steel Industries Ltd,Kanishk Steel Industries Ltd.pdf,122,0.92,2,analysed,a5abb665ef67ca56ea1cfe141819892ee69edfd15f4f8e7e199289c577735ebb,
Kirloskar Ferrous,Kirloskar Ferrous.pdf,285,9.87,61,analysed,f8526862f35e2bd058df35ae4eb57f4c162b1db2f253855ec0c77d03bd33e5c4,
Kritika Wires Ltd,Kritika Wires Ltd.pdf,150,13.69,4,analysed,d1cbbd0f8ec4097554bc28d98401580f272595d24f4dc59cf67f986622c97138,
Latim Metal and Industries Ltd,Latim Metal and Industries Ltd.pdf,87,1.12,0,no_biodiversity_statements,22e2643e866721d3b56a79db626d3fb6addf39aed5d2149b2e1e5f46c79132b4,
MAN Group (India) 2024-25,MAN Group (India) 2024-25.pdf,253,9.96,16,analysed,f5ce55789e1b21c71b75e533b7aefeac0e7133fee702882bf69c4656ce2f28da,
MSP Steel Power Ltd,MSP Steel Power Ltd.pdf,216,6.14,20,analysed,ce8e061b7880c7f2afbaa6ae9c9776de66518e5be317dc6119c45f4f523c8549,
Magna Electro Castings 2024-25,Magna Electro Castings 2024-25.pdf,154,2.47,7,analysed,a254c5216d420b3f007fd2a2985555f15654374a6e0294b57dc6d3c302ca3910,
Maharashtra Seamless Ltd,Maharashtra Seamless Ltd.pdf,187,3.09,13,analysed,0f298c45280fc8f59e8c46a0597584b308ba9585c3b990839e3ff11c5780d2d0,
Maiden Forgings Ltd,Maiden Forgings Ltd.pdf,85,14.65,0,no_biodiversity_statements,e29b0001b6b68e2ae6966d3ebba329af131a06b5920f444c729bce3a3617df9c,
Manaksia Coated Metals Ltd,Manaksia Coated Metals Ltd.pdf,252,8.88,17,analysed,40388deff0311acee529835a018f2c00ca7e4f85e1a60a0ff92d3f4a0d274248,
Mangalam Alloys Ltd,Mangalam Alloys Ltd.pdf,142,5.48,7,analysed,6a9e8eab195bd264cc6c1d4aa153ec35f7e73b655d93cf6ff4764d6614fdced6,
Metal Coatings India Ltd,Metal Coatings India Ltd.pdf,133,2.05,2,analysed,c05980b47c343d084208f43b8ee4923290550cca0e120749d98c2c4b727dcd1e,
Midhani Ltd,Midhani Ltd.pdf,304,11.92,37,analysed,4d82bb9390c6c577bf271963f3e5be5815d2d5e25733a2a9616166b94f4e12b1,
Mukand Ltd,Mukand Ltd.pdf,236,19.75,32,analysed,93eca4320a9da2789406f9f38716f3f81c30e419421d244447fadd4813d2b227,
Oil Country Tubular,Oil Country Tubular.pdf,135,1.27,1,analysed,fd34186a30c674dd29682864827f57c86ba2fa8bc7a429b60efa697a3e3a19b8,
Panchmahal,Panchmahal.pdf,104,2.18,0,no_biodiversity_statements,2a0cb2300fc291699c29af3dac8850127592ec65335ef87ebcf443a50a8455c6,
Pennar Industries,Pennar Industries.pdf,268,4.1,30,analysed,be4e2c85c3ba9b95f05935f5f82fadd1a63f9e928bcb4b43e53e599fbd23603f,
RINL 22024-25,RINL 22024-25.pdf,380,8.38,65,analysed,1b0df588cc226ff2efa6dd4c14dcf290add554cbeeb3bb197162bcfde643535c,
Rajasthan Tube Manufacturing Ltd,Rajasthan Tube Manufacturing Ltd.pdf,107,0.83,0,no_biodiversity_statements,f1e76aa35fdc40bd3d9710d70f933843d42053b8cc59409741b3f3d7810137e7,
Rama Steel 2024-25,Rama Steel 2024-25.pdf,292,9.01,18,analysed,26816bc5a79b45b1903322317764b52ed8e2645fb0e0516cca4f2d298c234fb3,
Rathi Bars Ltd,Rathi Bars Ltd.pdf,94,20.93,4,analysed,b4ee3a6f305a6fba37f2d806499d5c54683dd6a7627df286884820bb07f3a256,
Rathi Steel Power 2024-25,Rathi Steel Power 2024-25.pdf,95,1.67,11,analysed,59dc8fbbbc672a6953b02d90132f7ebdf16193c9bba32c2edda7e0ef3a8be823,
Ratnamani Metals and Tubes Ltd,Ratnamani Metals and Tubes Ltd.pdf,131,7.05,28,analysed,ceb8d83784076347654a8a736515fb6f89f1d5ac2cd17be28a39e49391463adb,
Ratnaveer Precision Engineering Ltd,Ratnaveer Precision Engineering Ltd.pdf,140,4.69,17,analysed,79a68c5b0390b287622a38f84e9055f98a12e8b3f84c8efd4f71c70fd90e7777,
Remi Edelstahl Ltd,Remi Edelstahl Ltd.pdf,66,1.23,2,analysed,b700f4f5b1110081d1614c88ba5bc02ca653995ff571543707612d5b9ce9faf2,
Rhetan TMT,Rhetan TMT.pdf,155,2.52,7,analysed,a09451f5fdafbb3f81d999bd9785c4cfa105bdf9959a4777991da5ce90e7ac76,
Riddhi Steel and Tubes Ltd,Riddhi Steel and Tubes Ltd.pdf,94,7.49,1,analysed,d9a2cd9f7fc0494eae7677e7f22de325b546d825b475a141d75de62209f83d51,
SAL Steel 2024-25,SAL Steel 2024-25.pdf,117,1.88,2,analysed,009c77d4f3f0e57dc2cdfdc4a1241301623db942316d0c4b378e509a21a0ec2c,
SRMB_Sustainability_Report2024_25,SRMB_Sustainability_Report2024_25.pdf,68,12.99,37,analysed,8455600e484c13f766debbac99ec68e524a1fe1d3a3ca3abd0369fad04497632,
Sail Annual Report_2025_(25_08_2025),Sail Annual Report_2025_(25_08_2025).pdf,420,8.84,154,analysed,ee91ed384a8b4e2cb3c7c43990884bdbba2f3f5fa36cf8f08898307b064ca7ce,
Sambhv Steel,Sambhv Steel.pdf,249,13.41,26,analysed,1a832c9ba4934ee349d0c8494bc537cda0c5fb60f5732d8ca0648448a5c3c275,
Sarda Energy and Minerals Ltd,Sarda Energy and Minerals Ltd.pdf,306,4.36,77,analysed,4fe662fbf4f3efa444b5dfdb3dffcb848896ec555828cd54831bee8eaa653d0e,
Sarthak Metals Ltd,Sarthak Metals Ltd.pdf,116,26.3,8,analysed,888ff4555227abb9ecfcbe1ccd6867a2f962fd715702ce71f076237065618201,
Scan Steels Ltd,Scan Steels Ltd.pdf,252,2.03,15,analysed,3138033e1f4384bfc747889f233efbf954e81b612db778e85f9b539fe7ec677b,
Scoda Tubes Ltd,Scoda Tubes Ltd.pdf,101,14.44,8,analysed,82b92a24852abcb21ef67c985bc43ca5b369c8cc12f633bb56badd13ad580149,
Shah Alloys 2024-25,Shah Alloys 2024-25.pdf,155,2.58,0,no_biodiversity_statements,8e0f79c7051705ad055de8fed9073c5ea47e2620a69ee51f216f1d2fa8d83f43,
Shah Metacorp 2024-25,Shah Metacorp 2024-25.pdf,241,9.66,2,analysed,c21207532e88ce68b81122eb1b5edf61f7cb545b9e0559e080d420d00c20e94a,
Sharda Ispat 2024-25,Sharda Ispat 2024-25.pdf,148,20.48,2,analysed,d53cadffd10984dd3a8cd94b0a46cef60f8d17aa014620b27861a830de16100a,
Shree Steel Wire 2024-25,Shree Steel Wire 2024-25.pdf,72,3.91,2,analysed,230782234618a388e61108405b335a9a468e8e5d28a0bcbeb736da6d9c271405,
Shri Bajrang Alliance Ltd,Shri Bajrang Alliance Ltd.pdf,135,10.48,2,analysed,a7868b15c66f07d5431dbc064d454ebb2e9ee1c67753926dff1dbdef38337ae8,
Sunflag Iron and Steel,Sunflag Iron and Steel.pdf,180,4.11,42,analysed,61fc2ae27d7c2548ce788a5667edc33dccafb3f0dce98f6979e680e64a6b927b,
Suraj Ltd 2024-25,Suraj Ltd 2024-25.pdf,170,1.0,4,analysed,2b259ac8b21e1d8af85735d6450bbcf453d7eeb22eed9f55fd0f2393d79ac49f,
Suraj Products 2024-25,Suraj Products 2024-25.pdf,102,0.91,7,analysed,e05ada893cf984313e415be6f398f7c28f7a4a838d519d410990cafcc22dd012,
Surani Steel Tubes Ltd,Surani Steel Tubes Ltd.pdf,116,4.49,2,analysed,b1cbdfda76f63ea2d73afd3be4240ecd412c48ff4926baa353a494139b31c22e,
Surya Roshni Ltd,Surya Roshni Ltd.pdf,324,20.63,47,analysed,ee42073dd148963dc9b84abe46f0f8af9cce6fe723495afab3044a4e6e241fb9,
Swastik Pipe Ltd,Swastik Pipe Ltd.pdf,82,2.26,0,no_biodiversity_statements,6844c9a054fcf31121937c1f73e4b068256ccafe9766e0754ff98455a909ff4e,
Tata Steel 2025,Tata Steel 2025.pdf,550,8.71,188,analysed,40fe520d35a1b277e3d20eaf1c10ecc5115425f3f678145efcc7c62c28a93dfa,
Technocraft,Technocraft.pdf,306,9.06,18,analysed,dbdced4dc610a7d61d88ea2accd8a1ed700490416326e852666ca0b234c1fa0a,
Tube Investments of India Ltd,Tube Investments of India Ltd.pdf,456,19.03,45,analysed,70e5b9e42f97e547fb9068354f3425a1d47ea16cc3a807000d8e290ab15ab983,
Tulsyan NEC Ltd,Tulsyan NEC Ltd.pdf,226,9.64,11,analysed,44bee1ff76eda6be337041b804606cd016600476de6b14b433fbd7ffa5b8ed2f,
UNI Abex Alloys 2024-25,UNI Abex Alloys 2024-25.pdf,145,4.15,13,analysed,c02ed85aecf4a53265bd6a30b0caa07e9844c9f09e242e364aaf36b42ea82db4,
VISA Chrome 2024-25-2-151,VISA Chrome 2024-25-2-151.pdf,150,4.15,4,analysed,b1c8c809b6ba1151f4d80e117d26c481f754f817b6868c309e179ddae5ddb0cd,
Vardhman ,Vardhman .pdf,133,11.71,27,analysed,129db725be7cd849d09f6a5c410b9eabcd811c8f34597bbe07a8f7679576c1c4,
Vaswani Industries,Vaswani Industries.pdf,149,6.87,6,analysed,0b9897181c69e5581c5067a1877a7594cc812e41ec9787a504cfbd9a442ea8b4,
Venus Pipes Ltd,Venus Pipes Ltd.pdf,105,20.71,43,analysed,304b911ecc02d91304a1f57c380ddb3ae2aef61d0ff4673257dbcc33f91601d8,
Vibhor Steel Tubes Ltd,Vibhor Steel Tubes Ltd.pdf,109,2.88,12,analysed,343bfb2486c5b67c5070b4aada416d411b07a87a29efbd6a918990a2ae21cf9d,
Welcast Steels Ltd 2024-25,Welcast Steels Ltd 2024-25.pdf,116,1.73,2,analysed,c9019609fe557a7fb9c7eb730f11d0fbbd0666818e6c692518ac7e8097162dbb,
Zenith Steel Pipes and Industries Ltd,Zenith Steel Pipes and Industries Ltd.pdf,156,14.04,2,analysed,90d2ff0d7e92cac8fbd3aaddec92e9d9f8c0e604eac60a71d402055fc3775178,
