statement,classification,SMART,GBF_targets,company,page
OMDC is in the process of obtaining Environmental Clearance for Belkundi Mines.,Goal,"{'Specific': True, 'Measurable': False, 'Achievable': True, 'Relevant': True, 'TimeBound': False}",[14],RINL 22024-25,8
"In FY 2024-25, your Company recovered 982 million gallons of wastewater through ultrafiltration and RO systems, and reused 625 million gallons of rainwater collected through harvesting initiatives.",Commitment,"{'Specific': True, 'Measurable': True, 'Achievable': True, 'Relevant': True, 'TimeBound': True}","[7, 11]",RINL 22024-25,9
Some of the major initiatives include evacuation of pond ash for filling of low lying areas and provided dry flyash to cement companies free of cost.,Goal,"{'Specific': False, 'Measurable': False, 'Achievable': True, 'Relevant': True, 'TimeBound': False}",[7],RINL 22024-25,9
Electrostatic Precipitator-4 (ESP-4) under 'Revamping & Upgradation of ESPs of Boilers in TPP' commissioned to mitigate air pollution impacts.,Commitment,"{'Specific': True, 'Measurable': False, 'Achievable': True, 'Relevant': True, 'TimeBound': False}","[7, 8]",RINL 22024-25,32
"Revamping of ESPs (ESP-3, ESP-2, ESP-4 & ESP-5) of 4 Boilers at TPP To reduce dust emissions from the Chimney of the Boilers to less than 50 mg/Nm³, as per the statutory norms of the Pollution Control Board, ESPs of 4 Boilers are being revamped/upgraded.",SMART Target,"{'Specific': True, 'Measurable': True, 'Achievable': True, 'Relevant': True, 'TimeBound': False}",[7],RINL 22024-25,33
"The Coal Chemical Plant (CCP) treats raw Coke Oven gas from the Coke Oven Battery to make it suitable for use as a fuel for under-firing and for other units. The plant removes impurities such as Tar, Naphthalene, Ammonia, and Hydrogen Sulphide, thus rendering the clean gas for usage. The plant is essential for meeting environmental norms related to SO2 and NOx emissions.",Goal,"{'Specific': False, 'Measurable': False, 'Achievable': True, 'Relevant': True, 'TimeBound': False}",[7],RINL 22024-25,33
"Demonstrated exemplary team performance during Mines Environment & Mineral Conservation Week Observance 2024–25, winning 3rd Prize for Systematic & Scientific Development.",Goal,"{'Specific': False, 'Measurable': False, 'Achievable': True, 'Relevant': True, 'TimeBound': False}","[10, 14]",RINL 22024-25,35
"The Ministry of Environment, Forest and Climate Change (MoEFCC), New Delhi, granted Environmental Clearance to the Garbham Manganese Mine of RINL, valid up to 07.10.2032.",Commitment,"{'Specific': True, 'Measurable': False, 'Achievable': True, 'Relevant': True, 'TimeBound': True}","[14, 15]",RINL 22024-25,35
An effective Environmental Management System (EMS) is in place to ensure that steel production activities do not result in environmental degradation or overexploitation of natural resources.,Goal,"{'Specific': False, 'Measurable': False, 'Achievable': False, 'Relevant': True, 'TimeBound': False}",[15],RINL 22024-25,37
"The plant is surrounded by a man-made green belt consisting of approximately 55.47 lakh trees, spread across 6,502 Ha.",Goal,"{'Specific': True, 'Measurable': True, 'Achievable': True, 'Relevant': True, 'TimeBound': False}","[2, 12]",RINL 22024-25,37
RINL follows the motto: One Tree for Every Tonne of Steel Capacity (7.3 million trees for 7.3 mtpa).,SMART Target,"{'Specific': True, 'Measurable': True, 'Achievable': True, 'Relevant': True, 'TimeBound': True}",[2],RINL 22024-25,37
"During FY 2024–25, 10,062 saplings were planted as part of block plantation efforts.",SMART Target,"{'Specific': True, 'Measurable': True, 'Achievable': True, 'Relevant': True, 'TimeBound': True}",[2],RINL 22024-25,37
"The year-long ‘Safai Pakhwada’ campaign, as per Government directives, saw the active participation of 6,269 employees through 299 Shramdaan activities, cleanliness drives, Swachhata pledges, and plantation efforts.",Commitment,"{'Specific': True, 'Measurable': True, 'Achievable': True, 'Relevant': True, 'TimeBound': True}","[7, 10]",RINL 22024-25,47
Key activities included: Mass cleaning drives and plantation drives.,Goal,"{'Specific': False, 'Measurable': False, 'Achievable': True, 'Relevant': True, 'TimeBound': False}","[2, 7]",RINL 22024-25,47
"Plantation of Saplings by Hon. Member, NCSC Sri Vaddepalli Ramachander and Director, Sri G.Sunil Kumar",Goal,"{'Specific': False, 'Measurable': False, 'Achievable': True, 'Relevant': True, 'TimeBound': False}",[2],RINL 22024-25,48
Report No. 7 of 2022 (Compliance Audit of activities of RINL Union Govt. (Commercial)) Chapter-2: Assessment of Environmental Issues at RINL.,Goal,"{'Specific': False, 'Measurable': False, 'Achievable': False, 'Relevant': True, 'TimeBound': False}","[14, 15]",RINL 22024-25,56
Strong environmental and social commitments,Goal,"{'Specific': False, 'Measurable': False, 'Achievable': True, 'Relevant': True, 'TimeBound': False}","[14, 15]",RINL 22024-25,60
Evacuation of pond ash for filling of low lying areas done and provided dry Flyash to cement companies free of cost.,Commitment,"{'Specific': True, 'Measurable': False, 'Achievable': True, 'Relevant': True, 'TimeBound': False}","[7, 10]",RINL 22024-25,66
"The Claus technology is being installed in the new Coal Chemicals Plant to provide a cleaner process due to the removal of H2S, which reduces environmental impact.",Goal,"{'Specific': False, 'Measurable': False, 'Achievable': True, 'Relevant': True, 'TimeBound': False}",[7],RINL 22024-25,103
"The Air (Prevention and Control of Pollution) Act, 1981",Goal,"{'Specific': False, 'Measurable': False, 'Achievable': True, 'Relevant': True, 'TimeBound': False}",[7],RINL 22024-25,109
"The Water (Prevention and Control of Pollution) Act, 1974",Goal,"{'Specific': False, 'Measurable': False, 'Achievable': True, 'Relevant': True, 'TimeBound': False}",[7],RINL 22024-25,109
"The Environment (Protection) Act, 1986 and The Environment Protection Rules, 1986",Goal,"{'Specific': False, 'Measurable': False, 'Achievable': True, 'Relevant': True, 'TimeBound': False}","[14, 15]",RINL 22024-25,110
"Forest Conservation Act, 1980",Goal,"{'Specific': False, 'Measurable': False, 'Achievable': True, 'Relevant': True, 'TimeBound': False}","[1, 10]",RINL 22024-25,110
Mining lease rights are amortized over the period of lease.,Goal,"{'Specific': False, 'Measurable': False, 'Achievable': False, 'Relevant': False, 'TimeBound': False}",[],RINL 22024-25,144
"Close-down and restoration costs are normal consequence of mining or production, and majority of close-down and restoration expenditure are incurred in the years following the closure of mine.",Goal,"{'Specific': False, 'Measurable': False, 'Achievable': True, 'Relevant': True, 'TimeBound': False}",[2],RINL 22024-25,148
"Mine Closure and Restoration Obligations Environmental liabilities and Asset Retirement Obligation (ARO): Estimation of environmental liabilities and ARO require interpretation of scientific and legal data, in addition to assumptions about probability and future costs.",Goal,"{'Specific': False, 'Measurable': False, 'Achievable': False, 'Relevant': True, 'TimeBound': False}","[2, 15]",RINL 22024-25,149
Mining Rights 20 years 20 years,Commitment,"{'Specific': False, 'Measurable': False, 'Achievable': True, 'Relevant': True, 'TimeBound': True}",[14],RINL 22024-25,152
"The Orissa Mineral Development Corporation Limited (OMDC) operates Belkundi Mines and Bhadrasahi Mines, for which RINL provided inter-corporate loans for operational purposes.",Goal,"{'Specific': False, 'Measurable': False, 'Achievable': False, 'Relevant': False, 'TimeBound': False}",[],RINL 22024-25,154
Provision for mines closure obligation 7.27 7.17,Goal,"{'Specific': False, 'Measurable': False, 'Achievable': True, 'Relevant': True, 'TimeBound': False}",[15],RINL 22024-25,170
A provision for mine closure obligation is recognised considering the future obligation on the company for the restoration of mines.,Commitment,"{'Specific': True, 'Measurable': False, 'Achievable': True, 'Relevant': True, 'TimeBound': False}",[2],RINL 22024-25,171
OMDC operated six mining leases in the state of Odisha with reserves of 206 million tonnes of Iron Ore and 44 million tons of Manganese Ore.,Goal,"{'Specific': False, 'Measurable': False, 'Achievable': False, 'Relevant': False, 'TimeBound': False}",[],RINL 22024-25,207
"All six mines were inoperative since 2010 for want of statutory clearances & renewal of lease rights. However, after completing all statutory compliance, Bagiaburu iron ore mines started operation w.e.f. 14.12.2023.",Commitment,"{'Specific': True, 'Measurable': False, 'Achievable': True, 'Relevant': True, 'TimeBound': True}",[14],RINL 22024-25,207
"The Bagiaburu Iron Ore Mines (21.52 Ha) have been granted Forest Clearance (FC) up to 10th October, 2041, and Environment Clearance (EC) valid up to 13th July, 2033.",Commitment,"{'Specific': True, 'Measurable': True, 'Achievable': True, 'Relevant': True, 'TimeBound': True}",[14],RINL 22024-25,208
"A co-terminus Forest Clearance (FC) for the Belkundi Iron Ore & Manganese Ore Mines (1276.79 Ha) was granted by the Ministry of Environment, Forest & Climate Change (MoEF&CC), Government of India.",Goal,"{'Specific': False, 'Measurable': False, 'Achievable': False, 'Relevant': True, 'TimeBound': False}","[1, 14]",RINL 22024-25,208
"The difference in book stock of 1,39,081.86 Mt (Thakurani + Railway sidings 1&2) against i3MS stock of 1,42,828.62 Mt by 3,746.76 Mt which was lost due to spillage and wastage at non-operational mines since December 2009.",Commitment,"{'Specific': True, 'Measurable': True, 'Achievable': False, 'Relevant': True, 'TimeBound': False}",[7],RINL 22024-25,216
OMDC is disclosing in its Accounting Policy at Para 4.3 under head Mining Right that the Cost of mining rights include amounts paid for afforestation and wildlife conservation as determined by the regulatory authority are capitalized as Mining Right in the year in which they are incurred.,Goal,"{'Specific': False, 'Measurable': False, 'Achievable': False, 'Relevant': True, 'TimeBound': False}",[15],RINL 22024-25,232
"The initial cost at cash price equivalent of property, plant and equipment acquired comprises its purchase price, including import duties and non-refundable purchase taxes, any directly attributable costs of bringing the assets to its working condition and location and present value of any asset restoration obligation or obligatory decommissioning costs for its intended use.",Goal,"{'Specific': False, 'Measurable': False, 'Achievable': False, 'Relevant': True, 'TimeBound': False}",[2],RINL 22024-25,249
Stripping costs include such activities as removal of vegetation as well as digging the actual pit for mining the ore.,Goal,"{'Specific': False, 'Measurable': False, 'Achievable': False, 'Relevant': True, 'TimeBound': False}","[2, 10]",RINL 22024-25,250
The costs of mining rights includes amounts paid for afforestation and wild life conservation as determined by the regulatory authorities are capitalised as “Mining rights” in the year in which they are incurred.,Goal,"{'Specific': False, 'Measurable': False, 'Achievable': True, 'Relevant': True, 'TimeBound': False}",[2],RINL 22024-25,251
"An obligation to incur restoration, rehabilitation and environmental costs arises when environmental disturbance is caused by the development or ongoing production of a mine and other manufacturing facilities.",Goal,"{'Specific': False, 'Measurable': False, 'Achievable': True, 'Relevant': True, 'TimeBound': False}",[2],RINL 22024-25,263
"Environment liabilities are recognised when the group becomes obliged, legally or constructively to rectify environmental damage or perform remediation work.",Goal,"{'Specific': False, 'Measurable': False, 'Achievable': True, 'Relevant': True, 'TimeBound': False}",[15],RINL 22024-25,263
"Close-down and restoration costs are normal consequence of mining or production, and majority of close-down and restoration expenditure are incurred in the years following the closure of mine.",Goal,"{'Specific': False, 'Measurable': False, 'Achievable': True, 'Relevant': True, 'TimeBound': False}",[2],RINL 22024-25,264
"Mine Closure and Restoration Obligations Environmental liabilities and Asset Retirement Obligation (ARO): Estimation of environmental liabilities and ARO require interpretation of scientific and legal data, in addition to assumptions about probability and future costs.",Goal,"{'Specific': False, 'Measurable': False, 'Achievable': False, 'Relevant': True, 'TimeBound': False}","[2, 15]",RINL 22024-25,264
Provisions are recognised for costs associated with restoration and rehabilitation of mining sites as soon as the obligation to incur such costs arises.,Commitment,"{'Specific': True, 'Measurable': False, 'Achievable': True, 'Relevant': True, 'TimeBound': False}",[2],RINL 22024-25,265
The costs are estimated on the basis of mine closure plans and the estimated discounted costs of dismantling and removing these facilities and the costs of restoration are capitalised when incurred reflecting the group’s obligations at that time.,Goal,"{'Specific': False, 'Measurable': False, 'Achievable': True, 'Relevant': True, 'TimeBound': False}",[2],RINL 22024-25,265
"The actual costs and cash outflows may differ from estimates because of changes in laws and regulations, changes in prices, analysis of site conditions and changes in restoration technology.",Goal,"{'Specific': False, 'Measurable': False, 'Achievable': False, 'Relevant': True, 'TimeBound': False}",[],RINL 22024-25,265
Provisions for rehabilitation and environmental provisions may change - where changes to the reserve estimates affect expectations about when such activities will occur and the associated cost of these activities.,Goal,"{'Specific': False, 'Measurable': False, 'Achievable': False, 'Relevant': True, 'TimeBound': False}","[2, 15]",RINL 22024-25,265
"The group assesses its mine rehabilitation provision at each reporting date. Material estimates and assumptions are made in determining the provision for mine rehabilitation as there are numerous factors that will affect the ultimate amount payable. These factors include estimates of the extent and costs of rehabilitation activities, technological changes, regulatory changes, cost increases as compared to the inflation rates and changes in discount rates.",Goal,"{'Specific': False, 'Measurable': False, 'Achievable': False, 'Relevant': True, 'TimeBound': False}",[2],RINL 22024-25,266
"The supplementary lease deed of Birmitrapur Limestone and Dolomite Mines of M/s Bisra Stone Lime Company Limited having Mining Lease area of 793.043 Hectares was executed on 18.12.2015 and registered on 30.03.2016 for period of 01.03.2000 to 31.03.2020, with the area designated as Non Forest Area.",Goal,"{'Specific': False, 'Measurable': False, 'Achievable': False, 'Relevant': False, 'TimeBound': False}",[],RINL 22024-25,269
"Out of 793.043 Hectares of the Birmitrapur Limestone and Dolomite Mines, the surface right area for mining and allied activities is 571.121 Hectares.",Goal,"{'Specific': True, 'Measurable': True, 'Achievable': True, 'Relevant': True, 'TimeBound': False}",[1],RINL 22024-25,269
Tree felling cost at Bagiaburu mines within virgin forest area capitalised during the year as mining rights.,Goal,"{'Specific': False, 'Measurable': False, 'Achievable': False, 'Relevant': True, 'TimeBound': False}",[10],RINL 22024-25,272
Provision for Site Reclamation 1.38 2.87,Goal,"{'Specific': False, 'Measurable': False, 'Achievable': True, 'Relevant': True, 'TimeBound': False}",[2],RINL 22024-25,297
Provision for mines closure obligation 7.27 7.17,Goal,"{'Specific': False, 'Measurable': False, 'Achievable': True, 'Relevant': True, 'TimeBound': False}",[15],RINL 22024-25,297
Provision for site reclaimation is made with respect to the restoration of the mines and are made against the demand raised by the various mining related departments of Governrment for site reclamation and restoration as required under the Mining laws.,Commitment,"{'Specific': True, 'Measurable': False, 'Achievable': True, 'Relevant': True, 'TimeBound': False}",[2],RINL 22024-25,298
A provision for mine closure obligation is recognised considering the future obligation on the group for the restoration of mines.,Commitment,"{'Specific': True, 'Measurable': False, 'Achievable': True, 'Relevant': True, 'TimeBound': False}",[2],RINL 22024-25,299
Movement in the provision for Mine closure obligation/Site Reclamation.,Goal,"{'Specific': False, 'Measurable': False, 'Achievable': True, 'Relevant': True, 'TimeBound': False}",[2],RINL 22024-25,299
"The amount of Demand for BPMEL Leases is 861.57 Crores towards EC (Environmental Clearance), FC (Forest Clearance) and MP/CTO (Mining Plan/Consent to Operate).",Goal,"{'Specific': False, 'Measurable': False, 'Achievable': False, 'Relevant': True, 'TimeBound': False}","[14, 15]",RINL 22024-25,314
Site Reclaimation charges of ` 32.99 Crores.,Commitment,"{'Specific': True, 'Measurable': True, 'Achievable': True, 'Relevant': True, 'TimeBound': False}",[2],RINL 22024-25,338
"For Demand from various statutory authorities towards Regional wildlife management and income tax, sales tax, excise duty, custom duty, service tax, entry tax and ` 1.30 Crores respectively.",Goal,"{'Specific': False, 'Measurable': False, 'Achievable': False, 'Relevant': False, 'TimeBound': False}",[14],RINL 22024-25,338
"As per the Mineral Conservation and Development Rules 2017, the Company has given financial assurance in form of Bank Guarantee of 14.34 Crores in regard to Progressive Mine Closure Plan.",SMART Target,"{'Specific': True, 'Measurable': True, 'Achievable': True, 'Relevant': True, 'TimeBound': True}","[2, 15]",RINL 22024-25,340
"In terms of requirements of Rule 24 to 27 of MCDR, 2017, the company is required to recognize a liability for final mine closure plan.",Commitment,"{'Specific': True, 'Measurable': False, 'Achievable': True, 'Relevant': True, 'TimeBound': False}",[15],RINL 22024-25,340
"The Company pursuant to approval of Environmental Clearance from competent authority for enhancement of its annual production capacity from 0.96 MTPA to 5.26 MTPA, has received a total outlay plan of 5.50 crores towards cost of implementation of site specific wild life conservation.",Commitment,"{'Specific': True, 'Measurable': True, 'Achievable': True, 'Relevant': True, 'TimeBound': False}","[1, 4]",RINL 22024-25,341
"Forest Clearance granted by MoEF&CC, integrated Regional office, Bhubaneswar on 17.09.2021 for total forest area of 21.52 hects. and valid up to 10.10.2041 for Bhadrasahi Iron & Manganese Ore Mines.",SMART Target,"{'Specific': True, 'Measurable': True, 'Achievable': True, 'Relevant': True, 'TimeBound': True}","[1, 14]",RINL 22024-25,342
OMDC paid 78.41 crs to ORRISA CAMPA fund on 27.02.2025 towards balance NPV for Bagiaburu Iron Ore Mines.,Commitment,"{'Specific': True, 'Measurable': True, 'Achievable': True, 'Relevant': True, 'TimeBound': True}","[2, 18]",RINL 22024-25,342
Forestry Clearance(FC) Forest Clearance co-terminus extension of Belkundi mines has been granted by MoEF& CC New Delhi on 14.09.2022 and valid upto 15.08.2026.,Commitment,"{'Specific': True, 'Measurable': True, 'Achievable': True, 'Relevant': True, 'TimeBound': True}","[1, 14]",RINL 22024-25,343
